k_subset,language,category,count,language_resource_tier
1,Afrikaans,Controlled/Regulated Substances,3,low
1,Afrikaans,Copyright/Trademark/Plagiarism,3,low
1,Afrikaans,Criminal Planning/Confessions,3,low
1,Afrikaans,Fraud/Deception,3,low
1,Afrikaans,Guns and Illegal Weapons,3,low
1,Afrikaans,Harassment,3,low
1,Afrikaans,Hate/Identity Hate,3,low
1,Afrikaans,High Risk Gov Decision Making,3,low
1,Afrikaans,Illegal Activity,1,low
1,Afrikaans,Malware,3,low
1,Afrikaans,PII/Privacy,3,low
1,Afrikaans,Political/Misinformation/Conspiracy,3,low
1,Afrikaans,Profanity,3,low
1,Afrikaans,Sexual,3,low
1,Afrikaans,Sexual (minor),3,low
1,Afrikaans,Suicide and Self Harm,3,low
1,Afrikaans,Threat,3,low
1,Afrikaans,Unauthorized Advice,3,low
1,Afrikaans,Violence,3,low
1,Amharic,Controlled/Regulated Substances,3,low
1,Amharic,Copyright/Trademark/Plagiarism,3,low
1,Amharic,Criminal Planning/Confessions,3,low
1,Amharic,Fraud/Deception,3,low
1,Amharic,Guns and Illegal Weapons,3,low
1,Amharic,Harassment,3,low
1,Amharic,Hate/Identity Hate,3,low
1,Amharic,High Risk Gov Decision Making,2,low
1,Amharic,Illegal Activity,1,low
1,Amharic,Malware,3,low
1,Amharic,PII/Privacy,3,low
1,Amharic,Political/Misinformation/Conspiracy,3,low
1,Amharic,Profanity,3,low
1,Amharic,Sexual,3,low
1,Amharic,Sexual (minor),3,low
1,Amharic,Suicide and Self Harm,3,low
1,Amharic,Threat,3,low
1,Amharic,Unauthorized Advice,2,low
1,Amharic,Violence,3,low
1,Arabic,Controlled/Regulated Substances,3,high
1,Arabic,Copyright/Trademark/Plagiarism,3,high
1,Arabic,Criminal Planning/Confessions,3,high
1,Arabic,Fraud/Deception,3,high
1,Arabic,Guns and Illegal Weapons,3,high
1,Arabic,Harassment,3,high
1,Arabic,Hate/Identity Hate,3,high
1,Arabic,High Risk Gov Decision Making,3,high
1,Arabic,Illegal Activity,1,high
1,Arabic,Malware,3,high
1,Arabic,PII/Privacy,3,high
1,Arabic,Political/Misinformation/Conspiracy,3,high
1,Arabic,Profanity,3,high
1,Arabic,Sexual,3,high
1,Arabic,Sexual (minor),3,high
1,Arabic,Suicide and Self Harm,3,high
1,Arabic,Threat,3,high
1,Arabic,Unauthorized Advice,3,high
1,Arabic,Violence,3,high
1,Armenian,Controlled/Regulated Substances,4,low
1,Armenian,Copyright/Trademark/Plagiarism,3,low
1,Armenian,Criminal Planning/Confessions,4,low
1,Armenian,Fraud/Deception,3,low
1,Armenian,Guns and Illegal Weapons,3,low
1,Armenian,Harassment,3,low
1,Armenian,Hate/Identity Hate,4,low
1,Armenian,High Risk Gov Decision Making,3,low
1,Armenian,Illegal Activity,1,low
1,Armenian,Malware,2,low
1,Armenian,PII/Privacy,3,low
1,Armenian,Political/Misinformation/Conspiracy,3,low
1,Armenian,Profanity,3,low
1,Armenian,Sexual,3,low
1,Armenian,Sexual (minor),3,low
1,Armenian,Suicide and Self Harm,3,low
1,Armenian,Threat,3,low
1,Armenian,Unauthorized Advice,2,low
1,Armenian,Violence,3,low
1,Assamese,Controlled/Regulated Substances,3,low
1,Assamese,Copyright/Trademark/Plagiarism,3,low
1,Assamese,Criminal Planning/Confessions,3,low
1,Assamese,Fraud/Deception,3,low
1,Assamese,Guns and Illegal Weapons,3,low
1,Assamese,Harassment,3,low
1,Assamese,Hate/Identity Hate,3,low
1,Assamese,High Risk Gov Decision Making,2,low
1,Assamese,Illegal Activity,1,low
1,Assamese,Malware,3,low
1,Assamese,PII/Privacy,3,low
1,Assamese,Political/Misinformation/Conspiracy,3,low
1,Assamese,Profanity,3,low
1,Assamese,Sexual,3,low
1,Assamese,Sexual (minor),2,low
1,Assamese,Suicide and Self Harm,3,low
1,Assamese,Threat,2,low
1,Assamese,Unauthorized Advice,3,low
1,Assamese,Violence,3,low
1,Asturian,Controlled/Regulated Substances,4,low
1,Asturian,Copyright/Trademark/Plagiarism,4,low
1,Asturian,Criminal Planning/Confessions,4,low
1,Asturian,Fraud/Deception,4,low
1,Asturian,Guns and Illegal Weapons,4,low
1,Asturian,Harassment,4,low
1,Asturian,Hate/Identity Hate,4,low
1,Asturian,High Risk Gov Decision Making,3,low
1,Asturian,Illegal Activity,1,low
1,Asturian,Malware,4,low
1,Asturian,PII/Privacy,4,low
1,Asturian,Political/Misinformation/Conspiracy,4,low
1,Asturian,Profanity,4,low
1,Asturian,Sexual,4,low
1,Asturian,Sexual (minor),3,low
1,Asturian,Suicide and Self Harm,4,low
1,Asturian,Threat,4,low
1,Asturian,Unauthorized Advice,4,low
1,Asturian,Violence,4,low
1,Azerbaijani,Controlled/Regulated Substances,3,low
1,Azerbaijani,Copyright/Trademark/Plagiarism,3,low
1,Azerbaijani,Criminal Planning/Confessions,3,low
1,Azerbaijani,Fraud/Deception,3,low
1,Azerbaijani,Guns and Illegal Weapons,3,low
1,Azerbaijani,Harassment,3,low
1,Azerbaijani,Hate/Identity Hate,3,low
1,Azerbaijani,High Risk Gov Decision Making,2,low
1,Azerbaijani,Illegal Activity,1,low
1,Azerbaijani,Malware,3,low
1,Azerbaijani,PII/Privacy,3,low
1,Azerbaijani,Political/Misinformation/Conspiracy,3,low
1,Azerbaijani,Profanity,3,low
1,Azerbaijani,Sexual,3,low
1,Azerbaijani,Sexual (minor),3,low
1,Azerbaijani,Suicide and Self Harm,3,low
1,Azerbaijani,Threat,3,low
1,Azerbaijani,Unauthorized Advice,3,low
1,Azerbaijani,Violence,3,low
1,Belarusian,Controlled/Regulated Substances,3,low
1,Belarusian,Copyright/Trademark/Plagiarism,2,low
1,Belarusian,Criminal Planning/Confessions,3,low
1,Belarusian,Fraud/Deception,3,low
1,Belarusian,Guns and Illegal Weapons,3,low
1,Belarusian,Harassment,3,low
1,Belarusian,Hate/Identity Hate,3,low
1,Belarusian,High Risk Gov Decision Making,3,low
1,Belarusian,Illegal Activity,1,low
1,Belarusian,Malware,3,low
1,Belarusian,PII/Privacy,3,low
1,Belarusian,Political/Misinformation/Conspiracy,3,low
1,Belarusian,Profanity,3,low
1,Belarusian,Sexual,3,low
1,Belarusian,Sexual (minor),3,low
1,Belarusian,Suicide and Self Harm,3,low
1,Belarusian,Threat,3,low
1,Belarusian,Unauthorized Advice,3,low
1,Belarusian,Violence,3,low
1,Bengali,Controlled/Regulated Substances,3,medium
1,Bengali,Copyright/Trademark/Plagiarism,3,medium
1,Bengali,Criminal Planning/Confessions,3,medium
1,Bengali,Fraud/Deception,3,medium
1,Bengali,Guns and Illegal Weapons,3,medium
1,Bengali,Harassment,3,medium
1,Bengali,Hate/Identity Hate,3,medium
1,Bengali,High Risk Gov Decision Making,2,medium
1,Bengali,Illegal Activity,1,medium
1,Bengali,Malware,3,medium
1,Bengali,PII/Privacy,3,medium
1,Bengali,Political/Misinformation/Conspiracy,3,medium
1,Bengali,Profanity,3,medium
1,Bengali,Sexual,3,medium
1,Bengali,Sexual (minor),2,medium
1,Bengali,Suicide and Self Harm,3,medium
1,Bengali,Threat,3,medium
1,Bengali,Unauthorized Advice,3,medium
1,Bengali,Violence,3,medium
1,Bosnian,Controlled/Regulated Substances,3,low
1,Bosnian,Copyright/Trademark/Plagiarism,3,low
1,Bosnian,Criminal Planning/Confessions,3,low
1,Bosnian,Fraud/Deception,3,low
1,Bosnian,Guns and Illegal Weapons,3,low
1,Bosnian,Harassment,3,low
1,Bosnian,Hate/Identity Hate,3,low
1,Bosnian,High Risk Gov Decision Making,3,low
1,Bosnian,Illegal Activity,1,low
1,Bosnian,Malware,3,low
1,Bosnian,PII/Privacy,3,low
1,Bosnian,Political/Misinformation/Conspiracy,3,low
1,Bosnian,Profanity,3,low
1,Bosnian,Sexual,3,low
1,Bosnian,Sexual (minor),3,low
1,Bosnian,Suicide and Self Harm,3,low
1,Bosnian,Threat,3,low
1,Bosnian,Unauthorized Advice,3,low
1,Bosnian,Violence,3,low
1,Bulgarian,Controlled/Regulated Substances,3,medium
1,Bulgarian,Copyright/Trademark/Plagiarism,3,medium
1,Bulgarian,Criminal Planning/Confessions,3,medium
1,Bulgarian,Fraud/Deception,3,medium
1,Bulgarian,Guns and Illegal Weapons,3,medium
1,Bulgarian,Harassment,3,medium
1,Bulgarian,Hate/Identity Hate,3,medium
1,Bulgarian,High Risk Gov Decision Making,2,medium
1,Bulgarian,Illegal Activity,1,medium
1,Bulgarian,Malware,3,medium
1,Bulgarian,PII/Privacy,3,medium
1,Bulgarian,Political/Misinformation/Conspiracy,3,medium
1,Bulgarian,Profanity,3,medium
1,Bulgarian,Sexual,3,medium
1,Bulgarian,Sexual (minor),3,medium
1,Bulgarian,Suicide and Self Harm,3,medium
1,Bulgarian,Threat,3,medium
1,Bulgarian,Unauthorized Advice,3,medium
1,Bulgarian,Violence,3,medium
1,Burmese,Controlled/Regulated Substances,3,low
1,Burmese,Copyright/Trademark/Plagiarism,3,low
1,Burmese,Criminal Planning/Confessions,3,low
1,Burmese,Fraud/Deception,3,low
1,Burmese,Guns and Illegal Weapons,3,low
1,Burmese,Harassment,3,low
1,Burmese,Hate/Identity Hate,3,low
1,Burmese,High Risk Gov Decision Making,2,low
1,Burmese,Illegal Activity,1,low
1,Burmese,Malware,3,low
1,Burmese,PII/Privacy,3,low
1,Burmese,Political/Misinformation/Conspiracy,3,low
1,Burmese,Profanity,3,low
1,Burmese,Sexual,3,low
1,Burmese,Sexual (minor),2,low
1,Burmese,Suicide and Self Harm,3,low
1,Burmese,Threat,3,low
1,Burmese,Unauthorized Advice,2,low
1,Burmese,Violence,3,low
1,Catalan,Controlled/Regulated Substances,3,low
1,Catalan,Copyright/Trademark/Plagiarism,3,low
1,Catalan,Criminal Planning/Confessions,3,low
1,Catalan,Fraud/Deception,3,low
1,Catalan,Guns and Illegal Weapons,3,low
1,Catalan,Harassment,3,low
1,Catalan,Hate/Identity Hate,3,low
1,Catalan,High Risk Gov Decision Making,3,low
1,Catalan,Illegal Activity,1,low
1,Catalan,Malware,3,low
1,Catalan,PII/Privacy,3,low
1,Catalan,Political/Misinformation/Conspiracy,3,low
1,Catalan,Profanity,3,low
1,Catalan,Sexual,3,low
1,Catalan,Sexual (minor),3,low
1,Catalan,Suicide and Self Harm,3,low
1,Catalan,Threat,3,low
1,Catalan,Unauthorized Advice,3,low
1,Catalan,Violence,3,low
1,Cebuano,Controlled/Regulated Substances,4,low
1,Cebuano,Copyright/Trademark/Plagiarism,4,low
1,Cebuano,Criminal Planning/Confessions,4,low
1,Cebuano,Fraud/Deception,4,low
1,Cebuano,Guns and Illegal Weapons,4,low
1,Cebuano,Harassment,4,low
1,Cebuano,Hate/Identity Hate,4,low
1,Cebuano,High Risk Gov Decision Making,3,low
1,Cebuano,Illegal Activity,1,low
1,Cebuano,Malware,4,low
1,Cebuano,PII/Privacy,4,low
1,Cebuano,Political/Misinformation/Conspiracy,4,low
1,Cebuano,Profanity,4,low
1,Cebuano,Sexual,4,low
1,Cebuano,Sexual (minor),4,low
1,Cebuano,Suicide and Self Harm,4,low
1,Cebuano,Threat,3,low
1,Cebuano,Unauthorized Advice,3,low
1,Cebuano,Violence,4,low
1,Chinese (Simplified),Controlled/Regulated Substances,3,high
1,Chinese (Simplified),Copyright/Trademark/Plagiarism,2,high
1,Chinese (Simplified),Criminal Planning/Confessions,3,high
1,Chinese (Simplified),Fraud/Deception,3,high
1,Chinese (Simplified),Guns and Illegal Weapons,3,high
1,Chinese (Simplified),Harassment,3,high
1,Chinese (Simplified),Hate/Identity Hate,3,high
1,Chinese (Simplified),High Risk Gov Decision Making,2,high
1,Chinese (Simplified),Illegal Activity,1,high
1,Chinese (Simplified),Malware,3,high
1,Chinese (Simplified),PII/Privacy,3,high
1,Chinese (Simplified),Political/Misinformation/Conspiracy,3,high
1,Chinese (Simplified),Profanity,3,high
1,Chinese (Simplified),Sexual,3,high
1,Chinese (Simplified),Sexual (minor),2,high
1,Chinese (Simplified),Suicide and Self Harm,3,high
1,Chinese (Simplified),Threat,2,high
1,Chinese (Simplified),Unauthorized Advice,3,high
1,Chinese (Simplified),Violence,3,high
1,Chinese (Traditional),Controlled/Regulated Substances,3,high
1,Chinese (Traditional),Copyright/Trademark/Plagiarism,2,high
1,Chinese (Traditional),Criminal Planning/Confessions,3,high
1,Chinese (Traditional),Fraud/Deception,3,high
1,Chinese (Traditional),Guns and Illegal Weapons,3,high
1,Chinese (Traditional),Harassment,3,high
1,Chinese (Traditional),Hate/Identity Hate,3,high
1,Chinese (Traditional),High Risk Gov Decision Making,1,high
1,Chinese (Traditional),Illegal Activity,1,high
1,Chinese (Traditional),Malware,2,high
1,Chinese (Traditional),PII/Privacy,3,high
1,Chinese (Traditional),Political/Misinformation/Conspiracy,3,high
1,Chinese (Traditional),Profanity,3,high
1,Chinese (Traditional),Sexual,3,high
1,Chinese (Traditional),Sexual (minor),2,high
1,Chinese (Traditional),Suicide and Self Harm,3,high
1,Chinese (Traditional),Threat,2,high
1,Chinese (Traditional),Unauthorized Advice,2,high
1,Chinese (Traditional),Violence,3,high
1,Croatian,Controlled/Regulated Substances,3,low
1,Croatian,Copyright/Trademark/Plagiarism,3,low
1,Croatian,Criminal Planning/Confessions,3,low
1,Croatian,Fraud/Deception,3,low
1,Croatian,Guns and Illegal Weapons,3,low
1,Croatian,Harassment,3,low
1,Croatian,Hate/Identity Hate,3,low
1,Croatian,High Risk Gov Decision Making,3,low
1,Croatian,Illegal Activity,1,low
1,Croatian,Malware,3,low
1,Croatian,PII/Privacy,3,low
1,Croatian,Political/Misinformation/Conspiracy,3,low
1,Croatian,Profanity,3,low
1,Croatian,Sexual,3,low
1,Croatian,Sexual (minor),3,low
1,Croatian,Suicide and Self Harm,3,low
1,Croatian,Threat,3,low
1,Croatian,Unauthorized Advice,3,low
1,Croatian,Violence,3,low
1,Czech,Controlled/Regulated Substances,3,medium
1,Czech,Copyright/Trademark/Plagiarism,3,medium
1,Czech,Criminal Planning/Confessions,3,medium
1,Czech,Fraud/Deception,3,medium
1,Czech,Guns and Illegal Weapons,3,medium
1,Czech,Harassment,3,medium
1,Czech,Hate/Identity Hate,3,medium
1,Czech,High Risk Gov Decision Making,3,medium
1,Czech,Illegal Activity,1,medium
1,Czech,Malware,3,medium
1,Czech,PII/Privacy,3,medium
1,Czech,Political/Misinformation/Conspiracy,3,medium
1,Czech,Profanity,3,medium
1,Czech,Sexual,3,medium
1,Czech,Sexual (minor),3,medium
1,Czech,Suicide and Self Harm,3,medium
1,Czech,Threat,3,medium
1,Czech,Unauthorized Advice,3,medium
1,Czech,Violence,3,medium
1,Danish,Controlled/Regulated Substances,3,medium
1,Danish,Copyright/Trademark/Plagiarism,3,medium
1,Danish,Criminal Planning/Confessions,3,medium
1,Danish,Fraud/Deception,3,medium
1,Danish,Guns and Illegal Weapons,3,medium
1,Danish,Harassment,3,medium
1,Danish,Hate/Identity Hate,3,medium
1,Danish,High Risk Gov Decision Making,3,medium
1,Danish,Illegal Activity,1,medium
1,Danish,Malware,3,medium
1,Danish,PII/Privacy,3,medium
1,Danish,Political/Misinformation/Conspiracy,3,medium
1,Danish,Profanity,3,medium
1,Danish,Sexual,3,medium
1,Danish,Sexual (minor),3,medium
1,Danish,Suicide and Self Harm,3,medium
1,Danish,Threat,3,medium
1,Danish,Unauthorized Advice,3,medium
1,Danish,Violence,3,medium
1,Dutch,Controlled/Regulated Substances,3,medium
1,Dutch,Copyright/Trademark/Plagiarism,3,medium
1,Dutch,Criminal Planning/Confessions,3,medium
1,Dutch,Fraud/Deception,3,medium
1,Dutch,Guns and Illegal Weapons,3,medium
1,Dutch,Harassment,3,medium
1,Dutch,Hate/Identity Hate,3,medium
1,Dutch,High Risk Gov Decision Making,2,medium
1,Dutch,Illegal Activity,1,medium
1,Dutch,Malware,3,medium
1,Dutch,PII/Privacy,3,medium
1,Dutch,Political/Misinformation/Conspiracy,3,medium
1,Dutch,Profanity,3,medium
1,Dutch,Sexual,3,medium
1,Dutch,Sexual (minor),3,medium
1,Dutch,Suicide and Self Harm,3,medium
1,Dutch,Threat,3,medium
1,Dutch,Unauthorized Advice,3,medium
1,Dutch,Violence,3,medium
1,English,Controlled/Regulated Substances,2,high
1,English,Copyright/Trademark/Plagiarism,1,high
1,English,Criminal Planning/Confessions,2,high
1,English,Fraud/Deception,1,high
1,English,Guns and Illegal Weapons,2,high
1,English,Harassment,1,high
1,English,Hate/Identity Hate,2,high
1,English,High Risk Gov Decision Making,1,high
1,English,Illegal Activity,1,high
1,English,Malware,1,high
1,English,PII/Privacy,2,high
1,English,Political/Misinformation/Conspiracy,1,high
1,English,Profanity,1,high
1,English,Sexual,2,high
1,English,Sexual (minor),1,high
1,English,Suicide and Self Harm,1,high
1,English,Threat,1,high
1,English,Unauthorized Advice,1,high
1,English,Violence,1,high
1,Estonian,Controlled/Regulated Substances,3,low
1,Estonian,Copyright/Trademark/Plagiarism,3,low
1,Estonian,Criminal Planning/Confessions,3,low
1,Estonian,Fraud/Deception,3,low
1,Estonian,Guns and Illegal Weapons,3,low
1,Estonian,Harassment,3,low
1,Estonian,Hate/Identity Hate,3,low
1,Estonian,High Risk Gov Decision Making,3,low
1,Estonian,Illegal Activity,1,low
1,Estonian,Malware,3,low
1,Estonian,PII/Privacy,3,low
1,Estonian,Political/Misinformation/Conspiracy,3,low
1,Estonian,Profanity,3,low
1,Estonian,Sexual,3,low
1,Estonian,Sexual (minor),3,low
1,Estonian,Suicide and Self Harm,3,low
1,Estonian,Threat,3,low
1,Estonian,Unauthorized Advice,3,low
1,Estonian,Violence,3,low
1,Filipino (Tagalog),Controlled/Regulated Substances,3,low
1,Filipino (Tagalog),Copyright/Trademark/Plagiarism,3,low
1,Filipino (Tagalog),Criminal Planning/Confessions,3,low
1,Filipino (Tagalog),Fraud/Deception,3,low
1,Filipino (Tagalog),Guns and Illegal Weapons,3,low
1,Filipino (Tagalog),Harassment,3,low
1,Filipino (Tagalog),Hate/Identity Hate,3,low
1,Filipino (Tagalog),High Risk Gov Decision Making,3,low
1,Filipino (Tagalog),Illegal Activity,1,low
1,Filipino (Tagalog),Malware,3,low
1,Filipino (Tagalog),PII/Privacy,3,low
1,Filipino (Tagalog),Political/Misinformation/Conspiracy,3,low
1,Filipino (Tagalog),Profanity,3,low
1,Filipino (Tagalog),Sexual,3,low
1,Filipino (Tagalog),Sexual (minor),3,low
1,Filipino (Tagalog),Suicide and Self Harm,3,low
1,Filipino (Tagalog),Threat,3,low
1,Filipino (Tagalog),Unauthorized Advice,3,low
1,Filipino (Tagalog),Violence,3,low
1,Finnish,Controlled/Regulated Substances,3,medium
1,Finnish,Copyright/Trademark/Plagiarism,3,medium
1,Finnish,Criminal Planning/Confessions,3,medium
1,Finnish,Fraud/Deception,3,medium
1,Finnish,Guns and Illegal Weapons,3,medium
1,Finnish,Harassment,3,medium
1,Finnish,Hate/Identity Hate,3,medium
1,Finnish,High Risk Gov Decision Making,2,medium
1,Finnish,Illegal Activity,1,medium
1,Finnish,Malware,3,medium
1,Finnish,PII/Privacy,3,medium
1,Finnish,Political/Misinformation/Conspiracy,3,medium
1,Finnish,Profanity,3,medium
1,Finnish,Sexual,3,medium
1,Finnish,Sexual (minor),3,medium
1,Finnish,Suicide and Self Harm,3,medium
1,Finnish,Threat,3,medium
1,Finnish,Unauthorized Advice,3,medium
1,Finnish,Violence,3,medium
1,French,Controlled/Regulated Substances,3,high
1,French,Copyright/Trademark/Plagiarism,3,high
1,French,Criminal Planning/Confessions,3,high
1,French,Fraud/Deception,3,high
1,French,Guns and Illegal Weapons,3,high
1,French,Harassment,3,high
1,French,Hate/Identity Hate,3,high
1,French,High Risk Gov Decision Making,3,high
1,French,Illegal Activity,1,high
1,French,Malware,3,high
1,French,PII/Privacy,3,high
1,French,Political/Misinformation/Conspiracy,3,high
1,French,Profanity,3,high
1,French,Sexual,3,high
1,French,Sexual (minor),3,high
1,French,Suicide and Self Harm,3,high
1,French,Threat,3,high
1,French,Unauthorized Advice,2,high
1,French,Violence,3,high
1,Fula,Controlled/Regulated Substances,4,low
1,Fula,Copyright/Trademark/Plagiarism,1,low
1,Fula,Criminal Planning/Confessions,4,low
1,Fula,Fraud/Deception,3,low
1,Fula,Guns and Illegal Weapons,4,low
1,Fula,Harassment,4,low
1,Fula,Hate/Identity Hate,4,low
1,Fula,High Risk Gov Decision Making,2,low
1,Fula,Illegal Activity,1,low
1,Fula,Malware,1,low
1,Fula,PII/Privacy,4,low
1,Fula,Political/Misinformation/Conspiracy,3,low
1,Fula,Profanity,3,low
1,Fula,Sexual,4,low
1,Fula,Sexual (minor),1,low
1,Fula,Suicide and Self Harm,4,low
1,Fula,Threat,2,low
1,Fula,Unauthorized Advice,2,low
1,Fula,Violence,4,low
1,Galician,Controlled/Regulated Substances,3,low
1,Galician,Copyright/Trademark/Plagiarism,3,low
1,Galician,Criminal Planning/Confessions,3,low
1,Galician,Fraud/Deception,3,low
1,Galician,Guns and Illegal Weapons,3,low
1,Galician,Harassment,3,low
1,Galician,Hate/Identity Hate,3,low
1,Galician,High Risk Gov Decision Making,3,low
1,Galician,Illegal Activity,1,low
1,Galician,Malware,3,low
1,Galician,PII/Privacy,3,low
1,Galician,Political/Misinformation/Conspiracy,3,low
1,Galician,Profanity,3,low
1,Galician,Sexual,3,low
1,Galician,Sexual (minor),3,low
1,Galician,Suicide and Self Harm,3,low
1,Galician,Threat,3,low
1,Galician,Unauthorized Advice,3,low
1,Galician,Violence,3,low
1,Ganda,Controlled/Regulated Substances,4,low
1,Ganda,Copyright/Trademark/Plagiarism,3,low
1,Ganda,Criminal Planning/Confessions,4,low
1,Ganda,Fraud/Deception,4,low
1,Ganda,Guns and Illegal Weapons,4,low
1,Ganda,Harassment,4,low
1,Ganda,Hate/Identity Hate,4,low
1,Ganda,High Risk Gov Decision Making,2,low
1,Ganda,Illegal Activity,1,low
1,Ganda,Malware,2,low
1,Ganda,PII/Privacy,4,low
1,Ganda,Political/Misinformation/Conspiracy,4,low
1,Ganda,Profanity,4,low
1,Ganda,Sexual,4,low
1,Ganda,Sexual (minor),2,low
1,Ganda,Suicide and Self Harm,4,low
1,Ganda,Threat,2,low
1,Ganda,Unauthorized Advice,3,low
1,Ganda,Violence,4,low
1,Georgian,Controlled/Regulated Substances,3,low
1,Georgian,Copyright/Trademark/Plagiarism,3,low
1,Georgian,Criminal Planning/Confessions,3,low
1,Georgian,Fraud/Deception,3,low
1,Georgian,Guns and Illegal Weapons,2,low
1,Georgian,Harassment,3,low
1,Georgian,Hate/Identity Hate,3,low
1,Georgian,High Risk Gov Decision Making,2,low
1,Georgian,Illegal Activity,1,low
1,Georgian,Malware,2,low
1,Georgian,PII/Privacy,3,low
1,Georgian,Political/Misinformation/Conspiracy,3,low
1,Georgian,Profanity,2,low
1,Georgian,Sexual,3,low
1,Georgian,Sexual (minor),2,low
1,Georgian,Suicide and Self Harm,3,low
1,Georgian,Threat,1,low
1,Georgian,Unauthorized Advice,2,low
1,Georgian,Violence,3,low
1,German,Controlled/Regulated Substances,3,high
1,German,Copyright/Trademark/Plagiarism,3,high
1,German,Criminal Planning/Confessions,3,high
1,German,Fraud/Deception,3,high
1,German,Guns and Illegal Weapons,3,high
1,German,Harassment,3,high
1,German,Hate/Identity Hate,3,high
1,German,High Risk Gov Decision Making,2,high
1,German,Illegal Activity,1,high
1,German,Malware,3,high
1,German,PII/Privacy,3,high
1,German,Political/Misinformation/Conspiracy,3,high
1,German,Profanity,3,high
1,German,Sexual,3,high
1,German,Sexual (minor),3,high
1,German,Suicide and Self Harm,3,high
1,German,Threat,3,high
1,German,Unauthorized Advice,3,high
1,German,Violence,3,high
1,Greek,Controlled/Regulated Substances,3,medium
1,Greek,Copyright/Trademark/Plagiarism,3,medium
1,Greek,Criminal Planning/Confessions,3,medium
1,Greek,Fraud/Deception,3,medium
1,Greek,Guns and Illegal Weapons,3,medium
1,Greek,Harassment,3,medium
1,Greek,Hate/Identity Hate,3,medium
1,Greek,High Risk Gov Decision Making,3,medium
1,Greek,Illegal Activity,1,medium
1,Greek,Malware,3,medium
1,Greek,PII/Privacy,3,medium
1,Greek,Political/Misinformation/Conspiracy,3,medium
1,Greek,Profanity,3,medium
1,Greek,Sexual,3,medium
1,Greek,Sexual (minor),3,medium
1,Greek,Suicide and Self Harm,3,medium
1,Greek,Threat,3,medium
1,Greek,Unauthorized Advice,3,medium
1,Greek,Violence,3,medium
1,Gujarati,Controlled/Regulated Substances,3,low
1,Gujarati,Copyright/Trademark/Plagiarism,3,low
1,Gujarati,Criminal Planning/Confessions,3,low
1,Gujarati,Fraud/Deception,3,low
1,Gujarati,Guns and Illegal Weapons,3,low
1,Gujarati,Harassment,3,low
1,Gujarati,Hate/Identity Hate,4,low
1,Gujarati,High Risk Gov Decision Making,3,low
1,Gujarati,Illegal Activity,1,low
1,Gujarati,Malware,3,low
1,Gujarati,PII/Privacy,3,low
1,Gujarati,Political/Misinformation/Conspiracy,3,low
1,Gujarati,Profanity,3,low
1,Gujarati,Sexual,3,low
1,Gujarati,Sexual (minor),3,low
1,Gujarati,Suicide and Self Harm,3,low
1,Gujarati,Threat,3,low
1,Gujarati,Unauthorized Advice,3,low
1,Gujarati,Violence,3,low
1,Hausa,Controlled/Regulated Substances,3,low
1,Hausa,Copyright/Trademark/Plagiarism,2,low
1,Hausa,Criminal Planning/Confessions,3,low
1,Hausa,Fraud/Deception,2,low
1,Hausa,Guns and Illegal Weapons,2,low
1,Hausa,Harassment,2,low
1,Hausa,Hate/Identity Hate,3,low
1,Hausa,High Risk Gov Decision Making,2,low
1,Hausa,Illegal Activity,1,low
1,Hausa,Malware,1,low
1,Hausa,PII/Privacy,3,low
1,Hausa,Political/Misinformation/Conspiracy,2,low
1,Hausa,Profanity,2,low
1,Hausa,Sexual,2,low
1,Hausa,Sexual (minor),1,low
1,Hausa,Suicide and Self Harm,2,low
1,Hausa,Threat,1,low
1,Hausa,Unauthorized Advice,1,low
1,Hausa,Violence,2,low
1,Hebrew,Controlled/Regulated Substances,3,medium
1,Hebrew,Copyright/Trademark/Plagiarism,3,medium
1,Hebrew,Criminal Planning/Confessions,3,medium
1,Hebrew,Fraud/Deception,3,medium
1,Hebrew,Guns and Illegal Weapons,3,medium
1,Hebrew,Harassment,3,medium
1,Hebrew,Hate/Identity Hate,3,medium
1,Hebrew,High Risk Gov Decision Making,3,medium
1,Hebrew,Illegal Activity,1,medium
1,Hebrew,Malware,3,medium
1,Hebrew,PII/Privacy,3,medium
1,Hebrew,Political/Misinformation/Conspiracy,3,medium
1,Hebrew,Profanity,3,medium
1,Hebrew,Sexual,3,medium
1,Hebrew,Sexual (minor),3,medium
1,Hebrew,Suicide and Self Harm,3,medium
1,Hebrew,Threat,3,medium
1,Hebrew,Unauthorized Advice,3,medium
1,Hebrew,Violence,3,medium
1,Hindi,Controlled/Regulated Substances,3,medium
1,Hindi,Copyright/Trademark/Plagiarism,3,medium
1,Hindi,Criminal Planning/Confessions,3,medium
1,Hindi,Fraud/Deception,3,medium
1,Hindi,Guns and Illegal Weapons,3,medium
1,Hindi,Harassment,3,medium
1,Hindi,Hate/Identity Hate,3,medium
1,Hindi,High Risk Gov Decision Making,3,medium
1,Hindi,Illegal Activity,1,medium
1,Hindi,Malware,3,medium
1,Hindi,PII/Privacy,3,medium
1,Hindi,Political/Misinformation/Conspiracy,3,medium
1,Hindi,Profanity,3,medium
1,Hindi,Sexual,3,medium
1,Hindi,Sexual (minor),3,medium
1,Hindi,Suicide and Self Harm,3,medium
1,Hindi,Threat,3,medium
1,Hindi,Unauthorized Advice,3,medium
1,Hindi,Violence,3,medium
1,Hungarian,Controlled/Regulated Substances,3,low
1,Hungarian,Copyright/Trademark/Plagiarism,3,low
1,Hungarian,Criminal Planning/Confessions,3,low
1,Hungarian,Fraud/Deception,3,low
1,Hungarian,Guns and Illegal Weapons,3,low
1,Hungarian,Harassment,3,low
1,Hungarian,Hate/Identity Hate,3,low
1,Hungarian,High Risk Gov Decision Making,3,low
1,Hungarian,Illegal Activity,1,low
1,Hungarian,Malware,3,low
1,Hungarian,PII/Privacy,3,low
1,Hungarian,Political/Misinformation/Conspiracy,3,low
1,Hungarian,Profanity,3,low
1,Hungarian,Sexual,3,low
1,Hungarian,Sexual (minor),3,low
1,Hungarian,Suicide and Self Harm,3,low
1,Hungarian,Threat,3,low
1,Hungarian,Unauthorized Advice,3,low
1,Hungarian,Violence,3,low
1,Icelandic,Controlled/Regulated Substances,3,low
1,Icelandic,Copyright/Trademark/Plagiarism,3,low
1,Icelandic,Criminal Planning/Confessions,3,low
1,Icelandic,Fraud/Deception,3,low
1,Icelandic,Guns and Illegal Weapons,3,low
1,Icelandic,Harassment,3,low
1,Icelandic,Hate/Identity Hate,3,low
1,Icelandic,High Risk Gov Decision Making,2,low
1,Icelandic,Illegal Activity,1,low
1,Icelandic,Malware,2,low
1,Icelandic,PII/Privacy,3,low
1,Icelandic,Political/Misinformation/Conspiracy,3,low
1,Icelandic,Profanity,3,low
1,Icelandic,Sexual,3,low
1,Icelandic,Sexual (minor),3,low
1,Icelandic,Suicide and Self Harm,3,low
1,Icelandic,Threat,2,low
1,Icelandic,Unauthorized Advice,3,low
1,Icelandic,Violence,3,low
1,Igbo,Controlled/Regulated Substances,4,low
1,Igbo,Copyright/Trademark/Plagiarism,4,low
1,Igbo,Criminal Planning/Confessions,4,low
1,Igbo,Fraud/Deception,4,low
1,Igbo,Guns and Illegal Weapons,4,low
1,Igbo,Harassment,4,low
1,Igbo,Hate/Identity Hate,4,low
1,Igbo,High Risk Gov Decision Making,2,low
1,Igbo,Illegal Activity,1,low
1,Igbo,Malware,3,low
1,Igbo,PII/Privacy,4,low
1,Igbo,Political/Misinformation/Conspiracy,4,low
1,Igbo,Profanity,4,low
1,Igbo,Sexual,4,low
1,Igbo,Sexual (minor),2,low
1,Igbo,Suicide and Self Harm,4,low
1,Igbo,Threat,3,low
1,Igbo,Unauthorized Advice,2,low
1,Igbo,Violence,4,low
1,Indonesian,Controlled/Regulated Substances,3,medium
1,Indonesian,Copyright/Trademark/Plagiarism,3,medium
1,Indonesian,Criminal Planning/Confessions,3,medium
1,Indonesian,Fraud/Deception,3,medium
1,Indonesian,Guns and Illegal Weapons,3,medium
1,Indonesian,Harassment,3,medium
1,Indonesian,Hate/Identity Hate,3,medium
1,Indonesian,High Risk Gov Decision Making,3,medium
1,Indonesian,Illegal Activity,1,medium
1,Indonesian,Malware,3,medium
1,Indonesian,PII/Privacy,3,medium
1,Indonesian,Political/Misinformation/Conspiracy,3,medium
1,Indonesian,Profanity,3,medium
1,Indonesian,Sexual,3,medium
1,Indonesian,Sexual (minor),3,medium
1,Indonesian,Suicide and Self Harm,3,medium
1,Indonesian,Threat,3,medium
1,Indonesian,Unauthorized Advice,3,medium
1,Indonesian,Violence,3,medium
1,Irish,Controlled/Regulated Substances,3,low
1,Irish,Copyright/Trademark/Plagiarism,3,low
1,Irish,Criminal Planning/Confessions,3,low
1,Irish,Fraud/Deception,3,low
1,Irish,Guns and Illegal Weapons,3,low
1,Irish,Harassment,3,low
1,Irish,Hate/Identity Hate,3,low
1,Irish,High Risk Gov Decision Making,3,low
1,Irish,Illegal Activity,1,low
1,Irish,Malware,3,low
1,Irish,PII/Privacy,3,low
1,Irish,Political/Misinformation/Conspiracy,3,low
1,Irish,Profanity,3,low
1,Irish,Sexual,3,low
1,Irish,Sexual (minor),3,low
1,Irish,Suicide and Self Harm,3,low
1,Irish,Threat,3,low
1,Irish,Unauthorized Advice,3,low
1,Irish,Violence,3,low
1,Italian,Controlled/Regulated Substances,3,high
1,Italian,Copyright/Trademark/Plagiarism,3,high
1,Italian,Criminal Planning/Confessions,3,high
1,Italian,Fraud/Deception,3,high
1,Italian,Guns and Illegal Weapons,3,high
1,Italian,Harassment,3,high
1,Italian,Hate/Identity Hate,3,high
1,Italian,High Risk Gov Decision Making,3,high
1,Italian,Illegal Activity,1,high
1,Italian,Malware,3,high
1,Italian,PII/Privacy,3,high
1,Italian,Political/Misinformation/Conspiracy,3,high
1,Italian,Profanity,3,high
1,Italian,Sexual,3,high
1,Italian,Sexual (minor),3,high
1,Italian,Suicide and Self Harm,3,high
1,Italian,Threat,3,high
1,Italian,Unauthorized Advice,3,high
1,Italian,Violence,3,high
1,Japanese,Controlled/Regulated Substances,3,high
1,Japanese,Copyright/Trademark/Plagiarism,3,high
1,Japanese,Criminal Planning/Confessions,3,high
1,Japanese,Fraud/Deception,3,high
1,Japanese,Guns and Illegal Weapons,3,high
1,Japanese,Harassment,3,high
1,Japanese,Hate/Identity Hate,3,high
1,Japanese,High Risk Gov Decision Making,2,high
1,Japanese,Illegal Activity,1,high
1,Japanese,Malware,2,high
1,Japanese,PII/Privacy,3,high
1,Japanese,Political/Misinformation/Conspiracy,3,high
1,Japanese,Profanity,3,high
1,Japanese,Sexual,3,high
1,Japanese,Sexual (minor),2,high
1,Japanese,Suicide and Self Harm,3,high
1,Japanese,Threat,1,high
1,Japanese,Unauthorized Advice,2,high
1,Japanese,Violence,3,high
1,Javanese,Controlled/Regulated Substances,3,low
1,Javanese,Copyright/Trademark/Plagiarism,3,low
1,Javanese,Criminal Planning/Confessions,3,low
1,Javanese,Fraud/Deception,3,low
1,Javanese,Guns and Illegal Weapons,3,low
1,Javanese,Harassment,3,low
1,Javanese,Hate/Identity Hate,3,low
1,Javanese,High Risk Gov Decision Making,3,low
1,Javanese,Illegal Activity,1,low
1,Javanese,Malware,2,low
1,Javanese,PII/Privacy,3,low
1,Javanese,Political/Misinformation/Conspiracy,3,low
1,Javanese,Profanity,3,low
1,Javanese,Sexual,3,low
1,Javanese,Sexual (minor),2,low
1,Javanese,Suicide and Self Harm,3,low
1,Javanese,Threat,3,low
1,Javanese,Unauthorized Advice,3,low
1,Javanese,Violence,3,low
1,Kannada,Controlled/Regulated Substances,3,low
1,Kannada,Copyright/Trademark/Plagiarism,3,low
1,Kannada,Criminal Planning/Confessions,3,low
1,Kannada,Fraud/Deception,3,low
1,Kannada,Guns and Illegal Weapons,3,low
1,Kannada,Harassment,3,low
1,Kannada,Hate/Identity Hate,3,low
1,Kannada,High Risk Gov Decision Making,3,low
1,Kannada,Illegal Activity,1,low
1,Kannada,Malware,3,low
1,Kannada,PII/Privacy,3,low
1,Kannada,Political/Misinformation/Conspiracy,3,low
1,Kannada,Profanity,3,low
1,Kannada,Sexual,3,low
1,Kannada,Sexual (minor),3,low
1,Kannada,Suicide and Self Harm,3,low
1,Kannada,Threat,3,low
1,Kannada,Unauthorized Advice,3,low
1,Kannada,Violence,3,low
1,Kazakh,Controlled/Regulated Substances,3,low
1,Kazakh,Copyright/Trademark/Plagiarism,3,low
1,Kazakh,Criminal Planning/Confessions,3,low
1,Kazakh,Fraud/Deception,3,low
1,Kazakh,Guns and Illegal Weapons,3,low
1,Kazakh,Harassment,3,low
1,Kazakh,Hate/Identity Hate,3,low
1,Kazakh,High Risk Gov Decision Making,2,low
1,Kazakh,Illegal Activity,1,low
1,Kazakh,Malware,3,low
1,Kazakh,PII/Privacy,3,low
1,Kazakh,Political/Misinformation/Conspiracy,3,low
1,Kazakh,Profanity,3,low
1,Kazakh,Sexual,3,low
1,Kazakh,Sexual (minor),2,low
1,Kazakh,Suicide and Self Harm,3,low
1,Kazakh,Threat,2,low
1,Kazakh,Unauthorized Advice,3,low
1,Kazakh,Violence,3,low
1,Khmer,Controlled/Regulated Substances,3,low
1,Khmer,Copyright/Trademark/Plagiarism,3,low
1,Khmer,Criminal Planning/Confessions,3,low
1,Khmer,Fraud/Deception,3,low
1,Khmer,Guns and Illegal Weapons,3,low
1,Khmer,Harassment,3,low
1,Khmer,Hate/Identity Hate,3,low
1,Khmer,High Risk Gov Decision Making,3,low
1,Khmer,Illegal Activity,1,low
1,Khmer,Malware,3,low
1,Khmer,PII/Privacy,3,low
1,Khmer,Political/Misinformation/Conspiracy,3,low
1,Khmer,Profanity,3,low
1,Khmer,Sexual,3,low
1,Khmer,Sexual (minor),2,low
1,Khmer,Suicide and Self Harm,3,low
1,Khmer,Threat,3,low
1,Khmer,Unauthorized Advice,3,low
1,Khmer,Violence,3,low
1,Korean,Controlled/Regulated Substances,3,high
1,Korean,Copyright/Trademark/Plagiarism,3,high
1,Korean,Criminal Planning/Confessions,3,high
1,Korean,Fraud/Deception,3,high
1,Korean,Guns and Illegal Weapons,3,high
1,Korean,Harassment,3,high
1,Korean,Hate/Identity Hate,3,high
1,Korean,High Risk Gov Decision Making,1,high
1,Korean,Illegal Activity,1,high
1,Korean,Malware,3,high
1,Korean,PII/Privacy,3,high
1,Korean,Political/Misinformation/Conspiracy,3,high
1,Korean,Profanity,3,high
1,Korean,Sexual,3,high
1,Korean,Sexual (minor),2,high
1,Korean,Suicide and Self Harm,3,high
1,Korean,Threat,3,high
1,Korean,Unauthorized Advice,2,high
1,Korean,Violence,3,high
1,Kyrgyz,Controlled/Regulated Substances,3,low
1,Kyrgyz,Copyright/Trademark/Plagiarism,2,low
1,Kyrgyz,Criminal Planning/Confessions,3,low
1,Kyrgyz,Fraud/Deception,3,low
1,Kyrgyz,Guns and Illegal Weapons,3,low
1,Kyrgyz,Harassment,3,low
1,Kyrgyz,Hate/Identity Hate,3,low
1,Kyrgyz,High Risk Gov Decision Making,2,low
1,Kyrgyz,Illegal Activity,1,low
1,Kyrgyz,Malware,3,low
1,Kyrgyz,PII/Privacy,3,low
1,Kyrgyz,Political/Misinformation/Conspiracy,3,low
1,Kyrgyz,Profanity,3,low
1,Kyrgyz,Sexual,3,low
1,Kyrgyz,Sexual (minor),2,low
1,Kyrgyz,Suicide and Self Harm,3,low
1,Kyrgyz,Threat,2,low
1,Kyrgyz,Unauthorized Advice,3,low
1,Kyrgyz,Violence,3,low
1,Lao,Controlled/Regulated Substances,3,low
1,Lao,Copyright/Trademark/Plagiarism,3,low
1,Lao,Criminal Planning/Confessions,3,low
1,Lao,Fraud/Deception,3,low
1,Lao,Guns and Illegal Weapons,3,low
1,Lao,Harassment,3,low
1,Lao,Hate/Identity Hate,3,low
1,Lao,High Risk Gov Decision Making,2,low
1,Lao,Illegal Activity,1,low
1,Lao,Malware,2,low
1,Lao,PII/Privacy,3,low
1,Lao,Political/Misinformation/Conspiracy,3,low
1,Lao,Profanity,3,low
1,Lao,Sexual,3,low
1,Lao,Sexual (minor),3,low
1,Lao,Suicide and Self Harm,3,low
1,Lao,Threat,3,low
1,Lao,Unauthorized Advice,2,low
1,Lao,Violence,3,low
1,Latvian,Controlled/Regulated Substances,3,low
1,Latvian,Copyright/Trademark/Plagiarism,3,low
1,Latvian,Criminal Planning/Confessions,3,low
1,Latvian,Fraud/Deception,3,low
1,Latvian,Guns and Illegal Weapons,3,low
1,Latvian,Harassment,3,low
1,Latvian,Hate/Identity Hate,3,low
1,Latvian,High Risk Gov Decision Making,3,low
1,Latvian,Illegal Activity,1,low
1,Latvian,Malware,2,low
1,Latvian,PII/Privacy,3,low
1,Latvian,Political/Misinformation/Conspiracy,3,low
1,Latvian,Profanity,3,low
1,Latvian,Sexual,3,low
1,Latvian,Sexual (minor),2,low
1,Latvian,Suicide and Self Harm,3,low
1,Latvian,Threat,3,low
1,Latvian,Unauthorized Advice,3,low
1,Latvian,Violence,3,low
1,Lingala,Controlled/Regulated Substances,4,low
1,Lingala,Copyright/Trademark/Plagiarism,4,low
1,Lingala,Criminal Planning/Confessions,4,low
1,Lingala,Fraud/Deception,4,low
1,Lingala,Guns and Illegal Weapons,4,low
1,Lingala,Harassment,4,low
1,Lingala,Hate/Identity Hate,4,low
1,Lingala,High Risk Gov Decision Making,2,low
1,Lingala,Illegal Activity,1,low
1,Lingala,Malware,3,low
1,Lingala,PII/Privacy,4,low
1,Lingala,Political/Misinformation/Conspiracy,4,low
1,Lingala,Profanity,4,low
1,Lingala,Sexual,4,low
1,Lingala,Sexual (minor),2,low
1,Lingala,Suicide and Self Harm,4,low
1,Lingala,Threat,3,low
1,Lingala,Unauthorized Advice,3,low
1,Lingala,Violence,4,low
1,Lithuanian,Controlled/Regulated Substances,3,low
1,Lithuanian,Copyright/Trademark/Plagiarism,2,low
1,Lithuanian,Criminal Planning/Confessions,3,low
1,Lithuanian,Fraud/Deception,3,low
1,Lithuanian,Guns and Illegal Weapons,3,low
1,Lithuanian,Harassment,3,low
1,Lithuanian,Hate/Identity Hate,3,low
1,Lithuanian,High Risk Gov Decision Making,3,low
1,Lithuanian,Illegal Activity,1,low
1,Lithuanian,Malware,3,low
1,Lithuanian,PII/Privacy,3,low
1,Lithuanian,Political/Misinformation/Conspiracy,3,low
1,Lithuanian,Profanity,3,low
1,Lithuanian,Sexual,3,low
1,Lithuanian,Sexual (minor),3,low
1,Lithuanian,Suicide and Self Harm,3,low
1,Lithuanian,Threat,3,low
1,Lithuanian,Unauthorized Advice,3,low
1,Lithuanian,Violence,3,low
1,Luo,Controlled/Regulated Substances,4,low
1,Luo,Copyright/Trademark/Plagiarism,3,low
1,Luo,Criminal Planning/Confessions,4,low
1,Luo,Fraud/Deception,4,low
1,Luo,Guns and Illegal Weapons,4,low
1,Luo,Harassment,4,low
1,Luo,Hate/Identity Hate,4,low
1,Luo,High Risk Gov Decision Making,2,low
1,Luo,Illegal Activity,1,low
1,Luo,Malware,2,low
1,Luo,PII/Privacy,4,low
1,Luo,Political/Misinformation/Conspiracy,4,low
1,Luo,Profanity,4,low
1,Luo,Sexual,4,low
1,Luo,Sexual (minor),2,low
1,Luo,Suicide and Self Harm,4,low
1,Luo,Threat,2,low
1,Luo,Unauthorized Advice,2,low
1,Luo,Violence,4,low
1,Luxembourgish,Controlled/Regulated Substances,4,low
1,Luxembourgish,Copyright/Trademark/Plagiarism,4,low
1,Luxembourgish,Criminal Planning/Confessions,4,low
1,Luxembourgish,Fraud/Deception,4,low
1,Luxembourgish,Guns and Illegal Weapons,4,low
1,Luxembourgish,Harassment,4,low
1,Luxembourgish,Hate/Identity Hate,4,low
1,Luxembourgish,High Risk Gov Decision Making,3,low
1,Luxembourgish,Illegal Activity,1,low
1,Luxembourgish,Malware,4,low
1,Luxembourgish,PII/Privacy,4,low
1,Luxembourgish,Political/Misinformation/Conspiracy,4,low
1,Luxembourgish,Profanity,4,low
1,Luxembourgish,Sexual,4,low
1,Luxembourgish,Sexual (minor),4,low
1,Luxembourgish,Suicide and Self Harm,4,low
1,Luxembourgish,Threat,4,low
1,Luxembourgish,Unauthorized Advice,3,low
1,Luxembourgish,Violence,4,low
1,Macedonian,Controlled/Regulated Substances,3,low
1,Macedonian,Copyright/Trademark/Plagiarism,3,low
1,Macedonian,Criminal Planning/Confessions,3,low
1,Macedonian,Fraud/Deception,3,low
1,Macedonian,Guns and Illegal Weapons,3,low
1,Macedonian,Harassment,3,low
1,Macedonian,Hate/Identity Hate,3,low
1,Macedonian,High Risk Gov Decision Making,2,low
1,Macedonian,Illegal Activity,1,low
1,Macedonian,Malware,3,low
1,Macedonian,PII/Privacy,3,low
1,Macedonian,Political/Misinformation/Conspiracy,3,low
1,Macedonian,Profanity,3,low
1,Macedonian,Sexual,3,low
1,Macedonian,Sexual (minor),2,low
1,Macedonian,Suicide and Self Harm,3,low
1,Macedonian,Threat,3,low
1,Macedonian,Unauthorized Advice,3,low
1,Macedonian,Violence,3,low
1,Malay,Controlled/Regulated Substances,3,medium
1,Malay,Copyright/Trademark/Plagiarism,3,medium
1,Malay,Criminal Planning/Confessions,3,medium
1,Malay,Fraud/Deception,3,medium
1,Malay,Guns and Illegal Weapons,3,medium
1,Malay,Harassment,3,medium
1,Malay,Hate/Identity Hate,3,medium
1,Malay,High Risk Gov Decision Making,3,medium
1,Malay,Illegal Activity,1,medium
1,Malay,Malware,3,medium
1,Malay,PII/Privacy,3,medium
1,Malay,Political/Misinformation/Conspiracy,3,medium
1,Malay,Profanity,3,medium
1,Malay,Sexual,3,medium
1,Malay,Sexual (minor),3,medium
1,Malay,Suicide and Self Harm,3,medium
1,Malay,Threat,3,medium
1,Malay,Unauthorized Advice,3,medium
1,Malay,Violence,3,medium
1,Malayalam,Controlled/Regulated Substances,3,low
1,Malayalam,Copyright/Trademark/Plagiarism,3,low
1,Malayalam,Criminal Planning/Confessions,3,low
1,Malayalam,Fraud/Deception,3,low
1,Malayalam,Guns and Illegal Weapons,3,low
1,Malayalam,Harassment,3,low
1,Malayalam,Hate/Identity Hate,3,low
1,Malayalam,High Risk Gov Decision Making,2,low
1,Malayalam,Illegal Activity,1,low
1,Malayalam,Malware,3,low
1,Malayalam,PII/Privacy,3,low
1,Malayalam,Political/Misinformation/Conspiracy,3,low
1,Malayalam,Profanity,3,low
1,Malayalam,Sexual,3,low
1,Malayalam,Sexual (minor),2,low
1,Malayalam,Suicide and Self Harm,3,low
1,Malayalam,Threat,3,low
1,Malayalam,Unauthorized Advice,3,low
1,Malayalam,Violence,3,low
1,Maltese,Controlled/Regulated Substances,4,low
1,Maltese,Copyright/Trademark/Plagiarism,4,low
1,Maltese,Criminal Planning/Confessions,4,low
1,Maltese,Fraud/Deception,4,low
1,Maltese,Guns and Illegal Weapons,4,low
1,Maltese,Harassment,4,low
1,Maltese,Hate/Identity Hate,4,low
1,Maltese,High Risk Gov Decision Making,4,low
1,Maltese,Illegal Activity,1,low
1,Maltese,Malware,4,low
1,Maltese,PII/Privacy,4,low
1,Maltese,Political/Misinformation/Conspiracy,4,low
1,Maltese,Profanity,4,low
1,Maltese,Sexual,4,low
1,Maltese,Sexual (minor),3,low
1,Maltese,Suicide and Self Harm,4,low
1,Maltese,Threat,3,low
1,Maltese,Unauthorized Advice,4,low
1,Maltese,Violence,4,low
1,Maori,Controlled/Regulated Substances,4,low
1,Maori,Copyright/Trademark/Plagiarism,4,low
1,Maori,Criminal Planning/Confessions,4,low
1,Maori,Fraud/Deception,4,low
1,Maori,Guns and Illegal Weapons,4,low
1,Maori,Harassment,4,low
1,Maori,Hate/Identity Hate,4,low
1,Maori,High Risk Gov Decision Making,3,low
1,Maori,Illegal Activity,1,low
1,Maori,Malware,2,low
1,Maori,PII/Privacy,4,low
1,Maori,Political/Misinformation/Conspiracy,4,low
1,Maori,Profanity,4,low
1,Maori,Sexual,4,low
1,Maori,Sexual (minor),2,low
1,Maori,Suicide and Self Harm,4,low
1,Maori,Threat,4,low
1,Maori,Unauthorized Advice,3,low
1,Maori,Violence,4,low
1,Marathi,Controlled/Regulated Substances,3,low
1,Marathi,Copyright/Trademark/Plagiarism,3,low
1,Marathi,Criminal Planning/Confessions,3,low
1,Marathi,Fraud/Deception,3,low
1,Marathi,Guns and Illegal Weapons,3,low
1,Marathi,Harassment,3,low
1,Marathi,Hate/Identity Hate,3,low
1,Marathi,High Risk Gov Decision Making,2,low
1,Marathi,Illegal Activity,1,low
1,Marathi,Malware,3,low
1,Marathi,PII/Privacy,3,low
1,Marathi,Political/Misinformation/Conspiracy,3,low
1,Marathi,Profanity,3,low
1,Marathi,Sexual,3,low
1,Marathi,Sexual (minor),2,low
1,Marathi,Suicide and Self Harm,3,low
1,Marathi,Threat,3,low
1,Marathi,Unauthorized Advice,3,low
1,Marathi,Violence,3,low
1,Mongolian,Controlled/Regulated Substances,3,low
1,Mongolian,Copyright/Trademark/Plagiarism,2,low
1,Mongolian,Criminal Planning/Confessions,3,low
1,Mongolian,Fraud/Deception,3,low
1,Mongolian,Guns and Illegal Weapons,3,low
1,Mongolian,Harassment,3,low
1,Mongolian,Hate/Identity Hate,3,low
1,Mongolian,High Risk Gov Decision Making,2,low
1,Mongolian,Illegal Activity,1,low
1,Mongolian,Malware,2,low
1,Mongolian,PII/Privacy,3,low
1,Mongolian,Political/Misinformation/Conspiracy,3,low
1,Mongolian,Profanity,3,low
1,Mongolian,Sexual,3,low
1,Mongolian,Sexual (minor),2,low
1,Mongolian,Suicide and Self Harm,3,low
1,Mongolian,Threat,1,low
1,Mongolian,Unauthorized Advice,3,low
1,Mongolian,Violence,3,low
1,Nepali,Controlled/Regulated Substances,4,low
1,Nepali,Copyright/Trademark/Plagiarism,3,low
1,Nepali,Criminal Planning/Confessions,4,low
1,Nepali,Fraud/Deception,3,low
1,Nepali,Guns and Illegal Weapons,3,low
1,Nepali,Harassment,4,low
1,Nepali,Hate/Identity Hate,4,low
1,Nepali,High Risk Gov Decision Making,2,low
1,Nepali,Illegal Activity,1,low
1,Nepali,Malware,3,low
1,Nepali,PII/Privacy,4,low
1,Nepali,Political/Misinformation/Conspiracy,3,low
1,Nepali,Profanity,3,low
1,Nepali,Sexual,3,low
1,Nepali,Sexual (minor),2,low
1,Nepali,Suicide and Self Harm,3,low
1,Nepali,Threat,3,low
1,Nepali,Unauthorized Advice,2,low
1,Nepali,Violence,3,low
1,Northern Sotho,Controlled/Regulated Substances,4,low
1,Northern Sotho,Copyright/Trademark/Plagiarism,4,low
1,Northern Sotho,Criminal Planning/Confessions,4,low
1,Northern Sotho,Fraud/Deception,4,low
1,Northern Sotho,Guns and Illegal Weapons,4,low
1,Northern Sotho,Harassment,4,low
1,Northern Sotho,Hate/Identity Hate,4,low
1,Northern Sotho,High Risk Gov Decision Making,2,low
1,Northern Sotho,Illegal Activity,1,low
1,Northern Sotho,Malware,3,low
1,Northern Sotho,PII/Privacy,4,low
1,Northern Sotho,Political/Misinformation/Conspiracy,4,low
1,Northern Sotho,Profanity,4,low
1,Northern Sotho,Sexual,4,low
1,Northern Sotho,Sexual (minor),3,low
1,Northern Sotho,Suicide and Self Harm,4,low
1,Northern Sotho,Threat,2,low
1,Northern Sotho,Unauthorized Advice,2,low
1,Northern Sotho,Violence,4,low
1,Norwegian,Controlled/Regulated Substances,3,medium
1,Norwegian,Copyright/Trademark/Plagiarism,2,medium
1,Norwegian,Criminal Planning/Confessions,3,medium
1,Norwegian,Fraud/Deception,3,medium
1,Norwegian,Guns and Illegal Weapons,3,medium
1,Norwegian,Harassment,3,medium
1,Norwegian,Hate/Identity Hate,3,medium
1,Norwegian,High Risk Gov Decision Making,2,medium
1,Norwegian,Illegal Activity,1,medium
1,Norwegian,Malware,3,medium
1,Norwegian,PII/Privacy,3,medium
1,Norwegian,Political/Misinformation/Conspiracy,3,medium
1,Norwegian,Profanity,3,medium
1,Norwegian,Sexual,3,medium
1,Norwegian,Sexual (minor),3,medium
1,Norwegian,Suicide and Self Harm,3,medium
1,Norwegian,Threat,3,medium
1,Norwegian,Unauthorized Advice,3,medium
1,Norwegian,Violence,3,medium
1,Nyanja,Controlled/Regulated Substances,4,low
1,Nyanja,Copyright/Trademark/Plagiarism,4,low
1,Nyanja,Criminal Planning/Confessions,4,low
1,Nyanja,Fraud/Deception,4,low
1,Nyanja,Guns and Illegal Weapons,4,low
1,Nyanja,Harassment,4,low
1,Nyanja,Hate/Identity Hate,4,low
1,Nyanja,High Risk Gov Decision Making,2,low
1,Nyanja,Illegal Activity,1,low
1,Nyanja,Malware,2,low
1,Nyanja,PII/Privacy,4,low
1,Nyanja,Political/Misinformation/Conspiracy,4,low
1,Nyanja,Profanity,4,low
1,Nyanja,Sexual,4,low
1,Nyanja,Sexual (minor),3,low
1,Nyanja,Suicide and Self Harm,4,low
1,Nyanja,Threat,2,low
1,Nyanja,Unauthorized Advice,3,low
1,Nyanja,Violence,4,low
1,Occitan,Controlled/Regulated Substances,4,low
1,Occitan,Copyright/Trademark/Plagiarism,4,low
1,Occitan,Criminal Planning/Confessions,4,low
1,Occitan,Fraud/Deception,4,low
1,Occitan,Guns and Illegal Weapons,4,low
1,Occitan,Harassment,4,low
1,Occitan,Hate/Identity Hate,4,low
1,Occitan,High Risk Gov Decision Making,4,low
1,Occitan,Illegal Activity,1,low
1,Occitan,Malware,4,low
1,Occitan,PII/Privacy,4,low
1,Occitan,Political/Misinformation/Conspiracy,4,low
1,Occitan,Profanity,4,low
1,Occitan,Sexual,4,low
1,Occitan,Sexual (minor),4,low
1,Occitan,Suicide and Self Harm,4,low
1,Occitan,Threat,4,low
1,Occitan,Unauthorized Advice,3,low
1,Occitan,Violence,4,low
1,Oriya (Odia),Controlled/Regulated Substances,4,low
1,Oriya (Odia),Copyright/Trademark/Plagiarism,4,low
1,Oriya (Odia),Criminal Planning/Confessions,4,low
1,Oriya (Odia),Fraud/Deception,4,low
1,Oriya (Odia),Guns and Illegal Weapons,4,low
1,Oriya (Odia),Harassment,4,low
1,Oriya (Odia),Hate/Identity Hate,4,low
1,Oriya (Odia),High Risk Gov Decision Making,2,low
1,Oriya (Odia),Illegal Activity,1,low
1,Oriya (Odia),Malware,4,low
1,Oriya (Odia),PII/Privacy,4,low
1,Oriya (Odia),Political/Misinformation/Conspiracy,4,low
1,Oriya (Odia),Profanity,4,low
1,Oriya (Odia),Sexual,4,low
1,Oriya (Odia),Sexual (minor),3,low
1,Oriya (Odia),Suicide and Self Harm,4,low
1,Oriya (Odia),Threat,4,low
1,Oriya (Odia),Unauthorized Advice,3,low
1,Oriya (Odia),Violence,4,low
1,Oromo,Controlled/Regulated Substances,2,low
1,Oromo,Copyright/Trademark/Plagiarism,2,low
1,Oromo,Criminal Planning/Confessions,2,low
1,Oromo,Fraud/Deception,1,low
1,Oromo,Guns and Illegal Weapons,2,low
1,Oromo,Harassment,2,low
1,Oromo,Hate/Identity Hate,2,low
1,Oromo,High Risk Gov Decision Making,1,low
1,Oromo,Illegal Activity,1,low
1,Oromo,Malware,1,low
1,Oromo,PII/Privacy,2,low
1,Oromo,Political/Misinformation/Conspiracy,1,low
1,Oromo,Profanity,2,low
1,Oromo,Sexual,1,low
1,Oromo,Sexual (minor),1,low
1,Oromo,Suicide and Self Harm,1,low
1,Oromo,Threat,1,low
1,Oromo,Unauthorized Advice,1,low
1,Oromo,Violence,2,low
1,Pashto,Controlled/Regulated Substances,3,low
1,Pashto,Copyright/Trademark/Plagiarism,3,low
1,Pashto,Criminal Planning/Confessions,3,low
1,Pashto,Fraud/Deception,3,low
1,Pashto,Guns and Illegal Weapons,3,low
1,Pashto,Harassment,3,low
1,Pashto,Hate/Identity Hate,3,low
1,Pashto,High Risk Gov Decision Making,2,low
1,Pashto,Illegal Activity,1,low
1,Pashto,Malware,3,low
1,Pashto,PII/Privacy,3,low
1,Pashto,Political/Misinformation/Conspiracy,3,low
1,Pashto,Profanity,3,low
1,Pashto,Sexual,3,low
1,Pashto,Sexual (minor),3,low
1,Pashto,Suicide and Self Harm,3,low
1,Pashto,Threat,3,low
1,Pashto,Unauthorized Advice,3,low
1,Pashto,Violence,3,low
1,Persian,Controlled/Regulated Substances,3,medium
1,Persian,Copyright/Trademark/Plagiarism,3,medium
1,Persian,Criminal Planning/Confessions,3,medium
1,Persian,Fraud/Deception,3,medium
1,Persian,Guns and Illegal Weapons,3,medium
1,Persian,Harassment,3,medium
1,Persian,Hate/Identity Hate,3,medium
1,Persian,High Risk Gov Decision Making,2,medium
1,Persian,Illegal Activity,1,medium
1,Persian,Malware,3,medium
1,Persian,PII/Privacy,3,medium
1,Persian,Political/Misinformation/Conspiracy,3,medium
1,Persian,Profanity,3,medium
1,Persian,Sexual,3,medium
1,Persian,Sexual (minor),3,medium
1,Persian,Suicide and Self Harm,3,medium
1,Persian,Threat,3,medium
1,Persian,Unauthorized Advice,3,medium
1,Persian,Violence,3,medium
1,Polish,Controlled/Regulated Substances,3,medium
1,Polish,Copyright/Trademark/Plagiarism,2,medium
1,Polish,Criminal Planning/Confessions,3,medium
1,Polish,Fraud/Deception,3,medium
1,Polish,Guns and Illegal Weapons,3,medium
1,Polish,Harassment,3,medium
1,Polish,Hate/Identity Hate,3,medium
1,Polish,High Risk Gov Decision Making,3,medium
1,Polish,Illegal Activity,1,medium
1,Polish,Malware,3,medium
1,Polish,PII/Privacy,3,medium
1,Polish,Political/Misinformation/Conspiracy,3,medium
1,Polish,Profanity,3,medium
1,Polish,Sexual,3,medium
1,Polish,Sexual (minor),3,medium
1,Polish,Suicide and Self Harm,3,medium
1,Polish,Threat,3,medium
1,Polish,Unauthorized Advice,3,medium
1,Polish,Violence,3,medium
1,Portuguese,Controlled/Regulated Substances,3,high
1,Portuguese,Copyright/Trademark/Plagiarism,3,high
1,Portuguese,Criminal Planning/Confessions,3,high
1,Portuguese,Fraud/Deception,3,high
1,Portuguese,Guns and Illegal Weapons,3,high
1,Portuguese,Harassment,3,high
1,Portuguese,Hate/Identity Hate,3,high
1,Portuguese,High Risk Gov Decision Making,3,high
1,Portuguese,Illegal Activity,1,high
1,Portuguese,Malware,3,high
1,Portuguese,PII/Privacy,3,high
1,Portuguese,Political/Misinformation/Conspiracy,3,high
1,Portuguese,Profanity,3,high
1,Portuguese,Sexual,3,high
1,Portuguese,Sexual (minor),3,high
1,Portuguese,Suicide and Self Harm,3,high
1,Portuguese,Threat,3,high
1,Portuguese,Unauthorized Advice,3,high
1,Portuguese,Violence,3,high
1,Punjabi,Controlled/Regulated Substances,3,low
1,Punjabi,Copyright/Trademark/Plagiarism,3,low
1,Punjabi,Criminal Planning/Confessions,3,low
1,Punjabi,Fraud/Deception,3,low
1,Punjabi,Guns and Illegal Weapons,3,low
1,Punjabi,Harassment,3,low
1,Punjabi,Hate/Identity Hate,3,low
1,Punjabi,High Risk Gov Decision Making,3,low
1,Punjabi,Illegal Activity,1,low
1,Punjabi,Malware,3,low
1,Punjabi,PII/Privacy,3,low
1,Punjabi,Political/Misinformation/Conspiracy,3,low
1,Punjabi,Profanity,3,low
1,Punjabi,Sexual,3,low
1,Punjabi,Sexual (minor),3,low
1,Punjabi,Suicide and Self Harm,3,low
1,Punjabi,Threat,3,low
1,Punjabi,Unauthorized Advice,3,low
1,Punjabi,Violence,3,low
1,Romanian,Controlled/Regulated Substances,3,medium
1,Romanian,Copyright/Trademark/Plagiarism,3,medium
1,Romanian,Criminal Planning/Confessions,3,medium
1,Romanian,Fraud/Deception,3,medium
1,Romanian,Guns and Illegal Weapons,3,medium
1,Romanian,Harassment,3,medium
1,Romanian,Hate/Identity Hate,3,medium
1,Romanian,High Risk Gov Decision Making,3,medium
1,Romanian,Illegal Activity,1,medium
1,Romanian,Malware,3,medium
1,Romanian,PII/Privacy,3,medium
1,Romanian,Political/Misinformation/Conspiracy,3,medium
1,Romanian,Profanity,3,medium
1,Romanian,Sexual,3,medium
1,Romanian,Sexual (minor),3,medium
1,Romanian,Suicide and Self Harm,3,medium
1,Romanian,Threat,2,medium
1,Romanian,Unauthorized Advice,3,medium
1,Romanian,Violence,3,medium
1,Russian,Controlled/Regulated Substances,3,high
1,Russian,Copyright/Trademark/Plagiarism,3,high
1,Russian,Criminal Planning/Confessions,3,high
1,Russian,Fraud/Deception,3,high
1,Russian,Guns and Illegal Weapons,3,high
1,Russian,Harassment,3,high
1,Russian,Hate/Identity Hate,3,high
1,Russian,High Risk Gov Decision Making,3,high
1,Russian,Illegal Activity,1,high
1,Russian,Malware,3,high
1,Russian,PII/Privacy,3,high
1,Russian,Political/Misinformation/Conspiracy,3,high
1,Russian,Profanity,3,high
1,Russian,Sexual,3,high
1,Russian,Sexual (minor),2,high
1,Russian,Suicide and Self Harm,3,high
1,Russian,Threat,3,high
1,Russian,Unauthorized Advice,3,high
1,Russian,Violence,3,high
1,Serbian,Controlled/Regulated Substances,3,low
1,Serbian,Copyright/Trademark/Plagiarism,3,low
1,Serbian,Criminal Planning/Confessions,3,low
1,Serbian,Fraud/Deception,3,low
1,Serbian,Guns and Illegal Weapons,3,low
1,Serbian,Harassment,3,low
1,Serbian,Hate/Identity Hate,3,low
1,Serbian,High Risk Gov Decision Making,3,low
1,Serbian,Illegal Activity,1,low
1,Serbian,Malware,3,low
1,Serbian,PII/Privacy,3,low
1,Serbian,Political/Misinformation/Conspiracy,3,low
1,Serbian,Profanity,3,low
1,Serbian,Sexual,3,low
1,Serbian,Sexual (minor),3,low
1,Serbian,Suicide and Self Harm,3,low
1,Serbian,Threat,2,low
1,Serbian,Unauthorized Advice,3,low
1,Serbian,Violence,3,low
1,Shona,Controlled/Regulated Substances,4,low
1,Shona,Copyright/Trademark/Plagiarism,3,low
1,Shona,Criminal Planning/Confessions,4,low
1,Shona,Fraud/Deception,4,low
1,Shona,Guns and Illegal Weapons,4,low
1,Shona,Harassment,4,low
1,Shona,Hate/Identity Hate,4,low
1,Shona,High Risk Gov Decision Making,2,low
1,Shona,Illegal Activity,1,low
1,Shona,Malware,3,low
1,Shona,PII/Privacy,4,low
1,Shona,Political/Misinformation/Conspiracy,4,low
1,Shona,Profanity,4,low
1,Shona,Sexual,4,low
1,Shona,Sexual (minor),2,low
1,Shona,Suicide and Self Harm,4,low
1,Shona,Threat,3,low
1,Shona,Unauthorized Advice,3,low
1,Shona,Violence,4,low
1,Sindhi,Controlled/Regulated Substances,3,low
1,Sindhi,Copyright/Trademark/Plagiarism,3,low
1,Sindhi,Criminal Planning/Confessions,3,low
1,Sindhi,Fraud/Deception,3,low
1,Sindhi,Guns and Illegal Weapons,3,low
1,Sindhi,Harassment,3,low
1,Sindhi,Hate/Identity Hate,3,low
1,Sindhi,High Risk Gov Decision Making,2,low
1,Sindhi,Illegal Activity,1,low
1,Sindhi,Malware,3,low
1,Sindhi,PII/Privacy,3,low
1,Sindhi,Political/Misinformation/Conspiracy,3,low
1,Sindhi,Profanity,3,low
1,Sindhi,Sexual,3,low
1,Sindhi,Sexual (minor),2,low
1,Sindhi,Suicide and Self Harm,3,low
1,Sindhi,Threat,3,low
1,Sindhi,Unauthorized Advice,3,low
1,Sindhi,Violence,3,low
1,Slovak,Controlled/Regulated Substances,3,low
1,Slovak,Copyright/Trademark/Plagiarism,3,low
1,Slovak,Criminal Planning/Confessions,3,low
1,Slovak,Fraud/Deception,3,low
1,Slovak,Guns and Illegal Weapons,3,low
1,Slovak,Harassment,3,low
1,Slovak,Hate/Identity Hate,3,low
1,Slovak,High Risk Gov Decision Making,3,low
1,Slovak,Illegal Activity,1,low
1,Slovak,Malware,3,low
1,Slovak,PII/Privacy,3,low
1,Slovak,Political/Misinformation/Conspiracy,3,low
1,Slovak,Profanity,3,low
1,Slovak,Sexual,3,low
1,Slovak,Sexual (minor),3,low
1,Slovak,Suicide and Self Harm,3,low
1,Slovak,Threat,3,low
1,Slovak,Unauthorized Advice,3,low
1,Slovak,Violence,3,low
1,Slovenian,Controlled/Regulated Substances,3,low
1,Slovenian,Copyright/Trademark/Plagiarism,3,low
1,Slovenian,Criminal Planning/Confessions,3,low
1,Slovenian,Fraud/Deception,3,low
1,Slovenian,Guns and Illegal Weapons,3,low
1,Slovenian,Harassment,3,low
1,Slovenian,Hate/Identity Hate,3,low
1,Slovenian,High Risk Gov Decision Making,2,low
1,Slovenian,Illegal Activity,1,low
1,Slovenian,Malware,3,low
1,Slovenian,PII/Privacy,3,low
1,Slovenian,Political/Misinformation/Conspiracy,3,low
1,Slovenian,Profanity,3,low
1,Slovenian,Sexual,3,low
1,Slovenian,Sexual (minor),3,low
1,Slovenian,Suicide and Self Harm,3,low
1,Slovenian,Threat,3,low
1,Slovenian,Unauthorized Advice,3,low
1,Slovenian,Violence,3,low
1,Somali,Controlled/Regulated Substances,2,low
1,Somali,Copyright/Trademark/Plagiarism,2,low
1,Somali,Criminal Planning/Confessions,3,low
1,Somali,Fraud/Deception,2,low
1,Somali,Guns and Illegal Weapons,2,low
1,Somali,Harassment,2,low
1,Somali,Hate/Identity Hate,3,low
1,Somali,High Risk Gov Decision Making,2,low
1,Somali,Illegal Activity,1,low
1,Somali,Malware,2,low
1,Somali,PII/Privacy,3,low
1,Somali,Political/Misinformation/Conspiracy,3,low
1,Somali,Profanity,2,low
1,Somali,Sexual,2,low
1,Somali,Sexual (minor),1,low
1,Somali,Suicide and Self Harm,2,low
1,Somali,Threat,1,low
1,Somali,Unauthorized Advice,2,low
1,Somali,Violence,2,low
1,Sorani Kurdish,Controlled/Regulated Substances,4,low
1,Sorani Kurdish,Copyright/Trademark/Plagiarism,4,low
1,Sorani Kurdish,Criminal Planning/Confessions,4,low
1,Sorani Kurdish,Fraud/Deception,4,low
1,Sorani Kurdish,Guns and Illegal Weapons,4,low
1,Sorani Kurdish,Harassment,4,low
1,Sorani Kurdish,Hate/Identity Hate,4,low
1,Sorani Kurdish,High Risk Gov Decision Making,3,low
1,Sorani Kurdish,Illegal Activity,1,low
1,Sorani Kurdish,Malware,4,low
1,Sorani Kurdish,PII/Privacy,4,low
1,Sorani Kurdish,Political/Misinformation/Conspiracy,4,low
1,Sorani Kurdish,Profanity,4,low
1,Sorani Kurdish,Sexual,4,low
1,Sorani Kurdish,Sexual (minor),3,low
1,Sorani Kurdish,Suicide and Self Harm,4,low
1,Sorani Kurdish,Threat,4,low
1,Sorani Kurdish,Unauthorized Advice,3,low
1,Sorani Kurdish,Violence,4,low
1,Spanish,Controlled/Regulated Substances,3,high
1,Spanish,Copyright/Trademark/Plagiarism,3,high
1,Spanish,Criminal Planning/Confessions,3,high
1,Spanish,Fraud/Deception,3,high
1,Spanish,Guns and Illegal Weapons,3,high
1,Spanish,Harassment,3,high
1,Spanish,Hate/Identity Hate,3,high
1,Spanish,High Risk Gov Decision Making,3,high
1,Spanish,Illegal Activity,1,high
1,Spanish,Malware,3,high
1,Spanish,PII/Privacy,3,high
1,Spanish,Political/Misinformation/Conspiracy,3,high
1,Spanish,Profanity,3,high
1,Spanish,Sexual,3,high
1,Spanish,Sexual (minor),3,high
1,Spanish,Suicide and Self Harm,3,high
1,Spanish,Threat,3,high
1,Spanish,Unauthorized Advice,3,high
1,Spanish,Violence,3,high
1,Swahili,Controlled/Regulated Substances,3,low
1,Swahili,Copyright/Trademark/Plagiarism,3,low
1,Swahili,Criminal Planning/Confessions,3,low
1,Swahili,Fraud/Deception,3,low
1,Swahili,Guns and Illegal Weapons,3,low
1,Swahili,Harassment,3,low
1,Swahili,Hate/Identity Hate,3,low
1,Swahili,High Risk Gov Decision Making,2,low
1,Swahili,Illegal Activity,1,low
1,Swahili,Malware,3,low
1,Swahili,PII/Privacy,3,low
1,Swahili,Political/Misinformation/Conspiracy,3,low
1,Swahili,Profanity,3,low
1,Swahili,Sexual,3,low
1,Swahili,Sexual (minor),2,low
1,Swahili,Suicide and Self Harm,3,low
1,Swahili,Threat,3,low
1,Swahili,Unauthorized Advice,3,low
1,Swahili,Violence,3,low
1,Swedish,Controlled/Regulated Substances,3,medium
1,Swedish,Copyright/Trademark/Plagiarism,3,medium
1,Swedish,Criminal Planning/Confessions,3,medium
1,Swedish,Fraud/Deception,3,medium
1,Swedish,Guns and Illegal Weapons,3,medium
1,Swedish,Harassment,3,medium
1,Swedish,Hate/Identity Hate,3,medium
1,Swedish,High Risk Gov Decision Making,3,medium
1,Swedish,Illegal Activity,1,medium
1,Swedish,Malware,3,medium
1,Swedish,PII/Privacy,3,medium
1,Swedish,Political/Misinformation/Conspiracy,3,medium
1,Swedish,Profanity,3,medium
1,Swedish,Sexual,3,medium
1,Swedish,Sexual (minor),3,medium
1,Swedish,Suicide and Self Harm,3,medium
1,Swedish,Threat,3,medium
1,Swedish,Unauthorized Advice,3,medium
1,Swedish,Violence,3,medium
1,Tajik,Controlled/Regulated Substances,4,low
1,Tajik,Copyright/Trademark/Plagiarism,4,low
1,Tajik,Criminal Planning/Confessions,4,low
1,Tajik,Fraud/Deception,4,low
1,Tajik,Guns and Illegal Weapons,4,low
1,Tajik,Harassment,4,low
1,Tajik,Hate/Identity Hate,4,low
1,Tajik,High Risk Gov Decision Making,2,low
1,Tajik,Illegal Activity,1,low
1,Tajik,Malware,4,low
1,Tajik,PII/Privacy,4,low
1,Tajik,Political/Misinformation/Conspiracy,4,low
1,Tajik,Profanity,4,low
1,Tajik,Sexual,4,low
1,Tajik,Sexual (minor),3,low
1,Tajik,Suicide and Self Harm,4,low
1,Tajik,Threat,3,low
1,Tajik,Unauthorized Advice,3,low
1,Tajik,Violence,4,low
1,Tamil,Controlled/Regulated Substances,3,low
1,Tamil,Copyright/Trademark/Plagiarism,3,low
1,Tamil,Criminal Planning/Confessions,3,low
1,Tamil,Fraud/Deception,3,low
1,Tamil,Guns and Illegal Weapons,3,low
1,Tamil,Harassment,3,low
1,Tamil,Hate/Identity Hate,3,low
1,Tamil,High Risk Gov Decision Making,3,low
1,Tamil,Illegal Activity,1,low
1,Tamil,Malware,3,low
1,Tamil,PII/Privacy,3,low
1,Tamil,Political/Misinformation/Conspiracy,3,low
1,Tamil,Profanity,3,low
1,Tamil,Sexual,3,low
1,Tamil,Sexual (minor),3,low
1,Tamil,Suicide and Self Harm,3,low
1,Tamil,Threat,3,low
1,Tamil,Unauthorized Advice,3,low
1,Tamil,Violence,3,low
1,Telugu,Controlled/Regulated Substances,3,low
1,Telugu,Copyright/Trademark/Plagiarism,3,low
1,Telugu,Criminal Planning/Confessions,3,low
1,Telugu,Fraud/Deception,3,low
1,Telugu,Guns and Illegal Weapons,3,low
1,Telugu,Harassment,3,low
1,Telugu,Hate/Identity Hate,3,low
1,Telugu,High Risk Gov Decision Making,2,low
1,Telugu,Illegal Activity,1,low
1,Telugu,Malware,3,low
1,Telugu,PII/Privacy,3,low
1,Telugu,Political/Misinformation/Conspiracy,3,low
1,Telugu,Profanity,3,low
1,Telugu,Sexual,3,low
1,Telugu,Sexual (minor),2,low
1,Telugu,Suicide and Self Harm,3,low
1,Telugu,Threat,2,low
1,Telugu,Unauthorized Advice,3,low
1,Telugu,Violence,3,low
1,Thai,Controlled/Regulated Substances,3,medium
1,Thai,Copyright/Trademark/Plagiarism,3,medium
1,Thai,Criminal Planning/Confessions,3,medium
1,Thai,Fraud/Deception,3,medium
1,Thai,Guns and Illegal Weapons,3,medium
1,Thai,Harassment,3,medium
1,Thai,Hate/Identity Hate,3,medium
1,Thai,High Risk Gov Decision Making,2,medium
1,Thai,Illegal Activity,1,medium
1,Thai,Malware,2,medium
1,Thai,PII/Privacy,3,medium
1,Thai,Political/Misinformation/Conspiracy,3,medium
1,Thai,Profanity,3,medium
1,Thai,Sexual,3,medium
1,Thai,Sexual (minor),2,medium
1,Thai,Suicide and Self Harm,3,medium
1,Thai,Threat,3,medium
1,Thai,Unauthorized Advice,2,medium
1,Thai,Violence,3,medium
1,Turkish,Controlled/Regulated Substances,3,medium
1,Turkish,Copyright/Trademark/Plagiarism,3,medium
1,Turkish,Criminal Planning/Confessions,3,medium
1,Turkish,Fraud/Deception,3,medium
1,Turkish,Guns and Illegal Weapons,3,medium
1,Turkish,Harassment,3,medium
1,Turkish,Hate/Identity Hate,3,medium
1,Turkish,High Risk Gov Decision Making,2,medium
1,Turkish,Illegal Activity,1,medium
1,Turkish,Malware,3,medium
1,Turkish,PII/Privacy,3,medium
1,Turkish,Political/Misinformation/Conspiracy,3,medium
1,Turkish,Profanity,3,medium
1,Turkish,Sexual,3,medium
1,Turkish,Sexual (minor),3,medium
1,Turkish,Suicide and Self Harm,3,medium
1,Turkish,Threat,3,medium
1,Turkish,Unauthorized Advice,3,medium
1,Turkish,Violence,3,medium
1,Ukrainian,Controlled/Regulated Substances,3,medium
1,Ukrainian,Copyright/Trademark/Plagiarism,3,medium
1,Ukrainian,Criminal Planning/Confessions,3,medium
1,Ukrainian,Fraud/Deception,3,medium
1,Ukrainian,Guns and Illegal Weapons,3,medium
1,Ukrainian,Harassment,3,medium
1,Ukrainian,Hate/Identity Hate,3,medium
1,Ukrainian,High Risk Gov Decision Making,3,medium
1,Ukrainian,Illegal Activity,1,medium
1,Ukrainian,Malware,3,medium
1,Ukrainian,PII/Privacy,3,medium
1,Ukrainian,Political/Misinformation/Conspiracy,3,medium
1,Ukrainian,Profanity,3,medium
1,Ukrainian,Sexual,3,medium
1,Ukrainian,Sexual (minor),3,medium
1,Ukrainian,Suicide and Self Harm,3,medium
1,Ukrainian,Threat,3,medium
1,Ukrainian,Unauthorized Advice,3,medium
1,Ukrainian,Violence,3,medium
1,Urdu,Controlled/Regulated Substances,3,medium
1,Urdu,Copyright/Trademark/Plagiarism,3,medium
1,Urdu,Criminal Planning/Confessions,3,medium
1,Urdu,Fraud/Deception,3,medium
1,Urdu,Guns and Illegal Weapons,3,medium
1,Urdu,Harassment,3,medium
1,Urdu,Hate/Identity Hate,3,medium
1,Urdu,High Risk Gov Decision Making,2,medium
1,Urdu,Illegal Activity,1,medium
1,Urdu,Malware,3,medium
1,Urdu,PII/Privacy,3,medium
1,Urdu,Political/Misinformation/Conspiracy,3,medium
1,Urdu,Profanity,3,medium
1,Urdu,Sexual,3,medium
1,Urdu,Sexual (minor),3,medium
1,Urdu,Suicide and Self Harm,3,medium
1,Urdu,Threat,3,medium
1,Urdu,Unauthorized Advice,3,medium
1,Urdu,Violence,3,medium
1,Vietnamese,Controlled/Regulated Substances,3,medium
1,Vietnamese,Copyright/Trademark/Plagiarism,3,medium
1,Vietnamese,Criminal Planning/Confessions,3,medium
1,Vietnamese,Fraud/Deception,3,medium
1,Vietnamese,Guns and Illegal Weapons,3,medium
1,Vietnamese,Harassment,3,medium
1,Vietnamese,Hate/Identity Hate,3,medium
1,Vietnamese,High Risk Gov Decision Making,3,medium
1,Vietnamese,Illegal Activity,1,medium
1,Vietnamese,Malware,3,medium
1,Vietnamese,PII/Privacy,3,medium
1,Vietnamese,Political/Misinformation/Conspiracy,3,medium
1,Vietnamese,Profanity,3,medium
1,Vietnamese,Sexual,3,medium
1,Vietnamese,Sexual (minor),3,medium
1,Vietnamese,Suicide and Self Harm,3,medium
1,Vietnamese,Threat,3,medium
1,Vietnamese,Unauthorized Advice,3,medium
1,Vietnamese,Violence,3,medium
1,Welsh,Controlled/Regulated Substances,3,low
1,Welsh,Copyright/Trademark/Plagiarism,2,low
1,Welsh,Criminal Planning/Confessions,3,low
1,Welsh,Fraud/Deception,3,low
1,Welsh,Guns and Illegal Weapons,3,low
1,Welsh,Harassment,3,low
1,Welsh,Hate/Identity Hate,3,low
1,Welsh,High Risk Gov Decision Making,3,low
1,Welsh,Illegal Activity,1,low
1,Welsh,Malware,3,low
1,Welsh,PII/Privacy,3,low
1,Welsh,Political/Misinformation/Conspiracy,3,low
1,Welsh,Profanity,3,low
1,Welsh,Sexual,3,low
1,Welsh,Sexual (minor),3,low
1,Welsh,Suicide and Self Harm,3,low
1,Welsh,Threat,3,low
1,Welsh,Unauthorized Advice,3,low
1,Welsh,Violence,3,low
1,Wolof,Controlled/Regulated Substances,4,low
1,Wolof,Copyright/Trademark/Plagiarism,1,low
1,Wolof,Criminal Planning/Confessions,4,low
1,Wolof,Fraud/Deception,3,low
1,Wolof,Guns and Illegal Weapons,3,low
1,Wolof,Harassment,4,low
1,Wolof,Hate/Identity Hate,4,low
1,Wolof,High Risk Gov Decision Making,2,low
1,Wolof,Illegal Activity,1,low
1,Wolof,Malware,2,low
1,Wolof,PII/Privacy,4,low
1,Wolof,Political/Misinformation/Conspiracy,3,low
1,Wolof,Profanity,4,low
1,Wolof,Sexual,4,low
1,Wolof,Sexual (minor),2,low
1,Wolof,Suicide and Self Harm,3,low
1,Wolof,Threat,1,low
1,Wolof,Unauthorized Advice,2,low
1,Wolof,Violence,4,low
1,Xhosa,Controlled/Regulated Substances,2,low
1,Xhosa,Copyright/Trademark/Plagiarism,2,low
1,Xhosa,Criminal Planning/Confessions,2,low
1,Xhosa,Fraud/Deception,1,low
1,Xhosa,Guns and Illegal Weapons,2,low
1,Xhosa,Harassment,2,low
1,Xhosa,Hate/Identity Hate,3,low
1,Xhosa,High Risk Gov Decision Making,2,low
1,Xhosa,Illegal Activity,1,low
1,Xhosa,Malware,2,low
1,Xhosa,PII/Privacy,2,low
1,Xhosa,Political/Misinformation/Conspiracy,2,low
1,Xhosa,Profanity,2,low
1,Xhosa,Sexual,2,low
1,Xhosa,Sexual (minor),1,low
1,Xhosa,Suicide and Self Harm,1,low
1,Xhosa,Threat,1,low
1,Xhosa,Unauthorized Advice,1,low
1,Xhosa,Violence,2,low
1,Yoruba,Controlled/Regulated Substances,4,low
1,Yoruba,Copyright/Trademark/Plagiarism,3,low
1,Yoruba,Criminal Planning/Confessions,4,low
1,Yoruba,Fraud/Deception,3,low
1,Yoruba,Guns and Illegal Weapons,4,low
1,Yoruba,Harassment,4,low
1,Yoruba,Hate/Identity Hate,4,low
1,Yoruba,High Risk Gov Decision Making,3,low
1,Yoruba,Illegal Activity,1,low
1,Yoruba,Malware,2,low
1,Yoruba,PII/Privacy,4,low
1,Yoruba,Political/Misinformation/Conspiracy,4,low
1,Yoruba,Profanity,4,low
1,Yoruba,Sexual,4,low
1,Yoruba,Sexual (minor),2,low
1,Yoruba,Suicide and Self Harm,4,low
1,Yoruba,Threat,2,low
1,Yoruba,Unauthorized Advice,3,low
1,Yoruba,Violence,4,low
1,Zulu,Controlled/Regulated Substances,4,low
1,Zulu,Copyright/Trademark/Plagiarism,4,low
1,Zulu,Criminal Planning/Confessions,4,low
1,Zulu,Fraud/Deception,4,low
1,Zulu,Guns and Illegal Weapons,4,low
1,Zulu,Harassment,4,low
1,Zulu,Hate/Identity Hate,4,low
1,Zulu,High Risk Gov Decision Making,3,low
1,Zulu,Illegal Activity,1,low
1,Zulu,Malware,4,low
1,Zulu,PII/Privacy,4,low
1,Zulu,Political/Misinformation/Conspiracy,4,low
1,Zulu,Profanity,4,low
1,Zulu,Sexual,4,low
1,Zulu,Sexual (minor),2,low
1,Zulu,Suicide and Self Harm,4,low
1,Zulu,Threat,4,low
1,Zulu,Unauthorized Advice,3,low
1,Zulu,Violence,4,low
2,Afrikaans,Controlled/Regulated Substances,6,low
2,Afrikaans,Copyright/Trademark/Plagiarism,5,low
2,Afrikaans,Criminal Planning/Confessions,6,low
2,Afrikaans,Fraud/Deception,6,low
2,Afrikaans,Guns and Illegal Weapons,6,low
2,Afrikaans,Harassment,6,low
2,Afrikaans,Hate/Identity Hate,6,low
2,Afrikaans,High Risk Gov Decision Making,6,low
2,Afrikaans,Illegal Activity,1,low
2,Afrikaans,Malware,6,low
2,Afrikaans,PII/Privacy,6,low
2,Afrikaans,Political/Misinformation/Conspiracy,6,low
2,Afrikaans,Profanity,6,low
2,Afrikaans,Sexual,6,low
2,Afrikaans,Sexual (minor),6,low
2,Afrikaans,Suicide and Self Harm,6,low
2,Afrikaans,Threat,6,low
2,Afrikaans,Unauthorized Advice,6,low
2,Afrikaans,Violence,6,low
2,Amharic,Controlled/Regulated Substances,6,low
2,Amharic,Copyright/Trademark/Plagiarism,5,low
2,Amharic,Criminal Planning/Confessions,6,low
2,Amharic,Fraud/Deception,6,low
2,Amharic,Guns and Illegal Weapons,6,low
2,Amharic,Harassment,6,low
2,Amharic,Hate/Identity Hate,6,low
2,Amharic,High Risk Gov Decision Making,3,low
2,Amharic,Illegal Activity,1,low
2,Amharic,Malware,5,low
2,Amharic,PII/Privacy,6,low
2,Amharic,Political/Misinformation/Conspiracy,6,low
2,Amharic,Profanity,6,low
2,Amharic,Sexual,6,low
2,Amharic,Sexual (minor),5,low
2,Amharic,Suicide and Self Harm,6,low
2,Amharic,Threat,5,low
2,Amharic,Unauthorized Advice,4,low
2,Amharic,Violence,6,low
2,Arabic,Controlled/Regulated Substances,6,high
2,Arabic,Copyright/Trademark/Plagiarism,6,high
2,Arabic,Criminal Planning/Confessions,6,high
2,Arabic,Fraud/Deception,6,high
2,Arabic,Guns and Illegal Weapons,6,high
2,Arabic,Harassment,6,high
2,Arabic,Hate/Identity Hate,6,high
2,Arabic,High Risk Gov Decision Making,6,high
2,Arabic,Illegal Activity,1,high
2,Arabic,Malware,6,high
2,Arabic,PII/Privacy,6,high
2,Arabic,Political/Misinformation/Conspiracy,6,high
2,Arabic,Profanity,6,high
2,Arabic,Sexual,6,high
2,Arabic,Sexual (minor),5,high
2,Arabic,Suicide and Self Harm,6,high
2,Arabic,Threat,5,high
2,Arabic,Unauthorized Advice,5,high
2,Arabic,Violence,6,high
2,Armenian,Controlled/Regulated Substances,7,low
2,Armenian,Copyright/Trademark/Plagiarism,6,low
2,Armenian,Criminal Planning/Confessions,7,low
2,Armenian,Fraud/Deception,6,low
2,Armenian,Guns and Illegal Weapons,6,low
2,Armenian,Harassment,6,low
2,Armenian,Hate/Identity Hate,7,low
2,Armenian,High Risk Gov Decision Making,4,low
2,Armenian,Illegal Activity,1,low
2,Armenian,Malware,4,low
2,Armenian,PII/Privacy,6,low
2,Armenian,Political/Misinformation/Conspiracy,6,low
2,Armenian,Profanity,6,low
2,Armenian,Sexual,6,low
2,Armenian,Sexual (minor),6,low
2,Armenian,Suicide and Self Harm,6,low
2,Armenian,Threat,6,low
2,Armenian,Unauthorized Advice,4,low
2,Armenian,Violence,6,low
2,Assamese,Controlled/Regulated Substances,6,low
2,Assamese,Copyright/Trademark/Plagiarism,6,low
2,Assamese,Criminal Planning/Confessions,6,low
2,Assamese,Fraud/Deception,6,low
2,Assamese,Guns and Illegal Weapons,6,low
2,Assamese,Harassment,6,low
2,Assamese,Hate/Identity Hate,6,low
2,Assamese,High Risk Gov Decision Making,4,low
2,Assamese,Illegal Activity,1,low
2,Assamese,Malware,6,low
2,Assamese,PII/Privacy,6,low
2,Assamese,Political/Misinformation/Conspiracy,6,low
2,Assamese,Profanity,6,low
2,Assamese,Sexual,6,low
2,Assamese,Sexual (minor),4,low
2,Assamese,Suicide and Self Harm,6,low
2,Assamese,Threat,3,low
2,Assamese,Unauthorized Advice,5,low
2,Assamese,Violence,6,low
2,Asturian,Controlled/Regulated Substances,8,low
2,Asturian,Copyright/Trademark/Plagiarism,8,low
2,Asturian,Criminal Planning/Confessions,8,low
2,Asturian,Fraud/Deception,8,low
2,Asturian,Guns and Illegal Weapons,8,low
2,Asturian,Harassment,8,low
2,Asturian,Hate/Identity Hate,8,low
2,Asturian,High Risk Gov Decision Making,6,low
2,Asturian,Illegal Activity,1,low
2,Asturian,Malware,8,low
2,Asturian,PII/Privacy,8,low
2,Asturian,Political/Misinformation/Conspiracy,8,low
2,Asturian,Profanity,8,low
2,Asturian,Sexual,8,low
2,Asturian,Sexual (minor),6,low
2,Asturian,Suicide and Self Harm,8,low
2,Asturian,Threat,6,low
2,Asturian,Unauthorized Advice,8,low
2,Asturian,Violence,8,low
2,Azerbaijani,Controlled/Regulated Substances,6,low
2,Azerbaijani,Copyright/Trademark/Plagiarism,6,low
2,Azerbaijani,Criminal Planning/Confessions,6,low
2,Azerbaijani,Fraud/Deception,6,low
2,Azerbaijani,Guns and Illegal Weapons,6,low
2,Azerbaijani,Harassment,6,low
2,Azerbaijani,Hate/Identity Hate,6,low
2,Azerbaijani,High Risk Gov Decision Making,4,low
2,Azerbaijani,Illegal Activity,1,low
2,Azerbaijani,Malware,6,low
2,Azerbaijani,PII/Privacy,6,low
2,Azerbaijani,Political/Misinformation/Conspiracy,6,low
2,Azerbaijani,Profanity,6,low
2,Azerbaijani,Sexual,6,low
2,Azerbaijani,Sexual (minor),6,low
2,Azerbaijani,Suicide and Self Harm,6,low
2,Azerbaijani,Threat,6,low
2,Azerbaijani,Unauthorized Advice,6,low
2,Azerbaijani,Violence,6,low
2,Belarusian,Controlled/Regulated Substances,6,low
2,Belarusian,Copyright/Trademark/Plagiarism,4,low
2,Belarusian,Criminal Planning/Confessions,6,low
2,Belarusian,Fraud/Deception,6,low
2,Belarusian,Guns and Illegal Weapons,6,low
2,Belarusian,Harassment,6,low
2,Belarusian,Hate/Identity Hate,6,low
2,Belarusian,High Risk Gov Decision Making,5,low
2,Belarusian,Illegal Activity,1,low
2,Belarusian,Malware,6,low
2,Belarusian,PII/Privacy,6,low
2,Belarusian,Political/Misinformation/Conspiracy,6,low
2,Belarusian,Profanity,6,low
2,Belarusian,Sexual,6,low
2,Belarusian,Sexual (minor),5,low
2,Belarusian,Suicide and Self Harm,6,low
2,Belarusian,Threat,5,low
2,Belarusian,Unauthorized Advice,5,low
2,Belarusian,Violence,6,low
2,Bengali,Controlled/Regulated Substances,6,medium
2,Bengali,Copyright/Trademark/Plagiarism,6,medium
2,Bengali,Criminal Planning/Confessions,6,medium
2,Bengali,Fraud/Deception,6,medium
2,Bengali,Guns and Illegal Weapons,6,medium
2,Bengali,Harassment,6,medium
2,Bengali,Hate/Identity Hate,6,medium
2,Bengali,High Risk Gov Decision Making,3,medium
2,Bengali,Illegal Activity,1,medium
2,Bengali,Malware,6,medium
2,Bengali,PII/Privacy,6,medium
2,Bengali,Political/Misinformation/Conspiracy,6,medium
2,Bengali,Profanity,6,medium
2,Bengali,Sexual,6,medium
2,Bengali,Sexual (minor),4,medium
2,Bengali,Suicide and Self Harm,6,medium
2,Bengali,Threat,5,medium
2,Bengali,Unauthorized Advice,6,medium
2,Bengali,Violence,6,medium
2,Bosnian,Controlled/Regulated Substances,6,low
2,Bosnian,Copyright/Trademark/Plagiarism,5,low
2,Bosnian,Criminal Planning/Confessions,6,low
2,Bosnian,Fraud/Deception,6,low
2,Bosnian,Guns and Illegal Weapons,6,low
2,Bosnian,Harassment,6,low
2,Bosnian,Hate/Identity Hate,6,low
2,Bosnian,High Risk Gov Decision Making,5,low
2,Bosnian,Illegal Activity,1,low
2,Bosnian,Malware,6,low
2,Bosnian,PII/Privacy,6,low
2,Bosnian,Political/Misinformation/Conspiracy,6,low
2,Bosnian,Profanity,6,low
2,Bosnian,Sexual,6,low
2,Bosnian,Sexual (minor),5,low
2,Bosnian,Suicide and Self Harm,6,low
2,Bosnian,Threat,5,low
2,Bosnian,Unauthorized Advice,5,low
2,Bosnian,Violence,6,low
2,Bulgarian,Controlled/Regulated Substances,6,medium
2,Bulgarian,Copyright/Trademark/Plagiarism,6,medium
2,Bulgarian,Criminal Planning/Confessions,6,medium
2,Bulgarian,Fraud/Deception,6,medium
2,Bulgarian,Guns and Illegal Weapons,6,medium
2,Bulgarian,Harassment,6,medium
2,Bulgarian,Hate/Identity Hate,6,medium
2,Bulgarian,High Risk Gov Decision Making,4,medium
2,Bulgarian,Illegal Activity,1,medium
2,Bulgarian,Malware,6,medium
2,Bulgarian,PII/Privacy,6,medium
2,Bulgarian,Political/Misinformation/Conspiracy,6,medium
2,Bulgarian,Profanity,6,medium
2,Bulgarian,Sexual,6,medium
2,Bulgarian,Sexual (minor),6,medium
2,Bulgarian,Suicide and Self Harm,6,medium
2,Bulgarian,Threat,5,medium
2,Bulgarian,Unauthorized Advice,6,medium
2,Bulgarian,Violence,6,medium
2,Burmese,Controlled/Regulated Substances,6,low
2,Burmese,Copyright/Trademark/Plagiarism,6,low
2,Burmese,Criminal Planning/Confessions,6,low
2,Burmese,Fraud/Deception,6,low
2,Burmese,Guns and Illegal Weapons,6,low
2,Burmese,Harassment,6,low
2,Burmese,Hate/Identity Hate,6,low
2,Burmese,High Risk Gov Decision Making,4,low
2,Burmese,Illegal Activity,1,low
2,Burmese,Malware,5,low
2,Burmese,PII/Privacy,6,low
2,Burmese,Political/Misinformation/Conspiracy,6,low
2,Burmese,Profanity,5,low
2,Burmese,Sexual,6,low
2,Burmese,Sexual (minor),4,low
2,Burmese,Suicide and Self Harm,6,low
2,Burmese,Threat,4,low
2,Burmese,Unauthorized Advice,4,low
2,Burmese,Violence,6,low
2,Catalan,Controlled/Regulated Substances,6,low
2,Catalan,Copyright/Trademark/Plagiarism,6,low
2,Catalan,Criminal Planning/Confessions,6,low
2,Catalan,Fraud/Deception,6,low
2,Catalan,Guns and Illegal Weapons,6,low
2,Catalan,Harassment,6,low
2,Catalan,Hate/Identity Hate,6,low
2,Catalan,High Risk Gov Decision Making,6,low
2,Catalan,Illegal Activity,1,low
2,Catalan,Malware,6,low
2,Catalan,PII/Privacy,6,low
2,Catalan,Political/Misinformation/Conspiracy,6,low
2,Catalan,Profanity,6,low
2,Catalan,Sexual,6,low
2,Catalan,Sexual (minor),5,low
2,Catalan,Suicide and Self Harm,6,low
2,Catalan,Threat,6,low
2,Catalan,Unauthorized Advice,6,low
2,Catalan,Violence,6,low
2,Cebuano,Controlled/Regulated Substances,8,low
2,Cebuano,Copyright/Trademark/Plagiarism,8,low
2,Cebuano,Criminal Planning/Confessions,8,low
2,Cebuano,Fraud/Deception,8,low
2,Cebuano,Guns and Illegal Weapons,8,low
2,Cebuano,Harassment,8,low
2,Cebuano,Hate/Identity Hate,8,low
2,Cebuano,High Risk Gov Decision Making,5,low
2,Cebuano,Illegal Activity,1,low
2,Cebuano,Malware,8,low
2,Cebuano,PII/Privacy,8,low
2,Cebuano,Political/Misinformation/Conspiracy,8,low
2,Cebuano,Profanity,8,low
2,Cebuano,Sexual,8,low
2,Cebuano,Sexual (minor),7,low
2,Cebuano,Suicide and Self Harm,8,low
2,Cebuano,Threat,5,low
2,Cebuano,Unauthorized Advice,6,low
2,Cebuano,Violence,8,low
2,Chinese (Simplified),Controlled/Regulated Substances,6,high
2,Chinese (Simplified),Copyright/Trademark/Plagiarism,4,high
2,Chinese (Simplified),Criminal Planning/Confessions,6,high
2,Chinese (Simplified),Fraud/Deception,6,high
2,Chinese (Simplified),Guns and Illegal Weapons,6,high
2,Chinese (Simplified),Harassment,6,high
2,Chinese (Simplified),Hate/Identity Hate,6,high
2,Chinese (Simplified),High Risk Gov Decision Making,3,high
2,Chinese (Simplified),Illegal Activity,1,high
2,Chinese (Simplified),Malware,5,high
2,Chinese (Simplified),PII/Privacy,6,high
2,Chinese (Simplified),Political/Misinformation/Conspiracy,6,high
2,Chinese (Simplified),Profanity,6,high
2,Chinese (Simplified),Sexual,6,high
2,Chinese (Simplified),Sexual (minor),4,high
2,Chinese (Simplified),Suicide and Self Harm,6,high
2,Chinese (Simplified),Threat,4,high
2,Chinese (Simplified),Unauthorized Advice,6,high
2,Chinese (Simplified),Violence,6,high
2,Chinese (Traditional),Controlled/Regulated Substances,6,high
2,Chinese (Traditional),Copyright/Trademark/Plagiarism,4,high
2,Chinese (Traditional),Criminal Planning/Confessions,6,high
2,Chinese (Traditional),Fraud/Deception,5,high
2,Chinese (Traditional),Guns and Illegal Weapons,6,high
2,Chinese (Traditional),Harassment,6,high
2,Chinese (Traditional),Hate/Identity Hate,6,high
2,Chinese (Traditional),High Risk Gov Decision Making,2,high
2,Chinese (Traditional),Illegal Activity,1,high
2,Chinese (Traditional),Malware,3,high
2,Chinese (Traditional),PII/Privacy,6,high
2,Chinese (Traditional),Political/Misinformation/Conspiracy,6,high
2,Chinese (Traditional),Profanity,6,high
2,Chinese (Traditional),Sexual,6,high
2,Chinese (Traditional),Sexual (minor),3,high
2,Chinese (Traditional),Suicide and Self Harm,6,high
2,Chinese (Traditional),Threat,3,high
2,Chinese (Traditional),Unauthorized Advice,4,high
2,Chinese (Traditional),Violence,6,high
2,Croatian,Controlled/Regulated Substances,6,low
2,Croatian,Copyright/Trademark/Plagiarism,6,low
2,Croatian,Criminal Planning/Confessions,6,low
2,Croatian,Fraud/Deception,6,low
2,Croatian,Guns and Illegal Weapons,6,low
2,Croatian,Harassment,6,low
2,Croatian,Hate/Identity Hate,6,low
2,Croatian,High Risk Gov Decision Making,5,low
2,Croatian,Illegal Activity,1,low
2,Croatian,Malware,6,low
2,Croatian,PII/Privacy,6,low
2,Croatian,Political/Misinformation/Conspiracy,6,low
2,Croatian,Profanity,6,low
2,Croatian,Sexual,6,low
2,Croatian,Sexual (minor),5,low
2,Croatian,Suicide and Self Harm,6,low
2,Croatian,Threat,5,low
2,Croatian,Unauthorized Advice,6,low
2,Croatian,Violence,6,low
2,Czech,Controlled/Regulated Substances,6,medium
2,Czech,Copyright/Trademark/Plagiarism,6,medium
2,Czech,Criminal Planning/Confessions,6,medium
2,Czech,Fraud/Deception,6,medium
2,Czech,Guns and Illegal Weapons,6,medium
2,Czech,Harassment,6,medium
2,Czech,Hate/Identity Hate,6,medium
2,Czech,High Risk Gov Decision Making,5,medium
2,Czech,Illegal Activity,1,medium
2,Czech,Malware,6,medium
2,Czech,PII/Privacy,6,medium
2,Czech,Political/Misinformation/Conspiracy,6,medium
2,Czech,Profanity,6,medium
2,Czech,Sexual,6,medium
2,Czech,Sexual (minor),6,medium
2,Czech,Suicide and Self Harm,6,medium
2,Czech,Threat,5,medium
2,Czech,Unauthorized Advice,6,medium
2,Czech,Violence,6,medium
2,Danish,Controlled/Regulated Substances,6,medium
2,Danish,Copyright/Trademark/Plagiarism,6,medium
2,Danish,Criminal Planning/Confessions,6,medium
2,Danish,Fraud/Deception,6,medium
2,Danish,Guns and Illegal Weapons,6,medium
2,Danish,Harassment,6,medium
2,Danish,Hate/Identity Hate,6,medium
2,Danish,High Risk Gov Decision Making,6,medium
2,Danish,Illegal Activity,1,medium
2,Danish,Malware,6,medium
2,Danish,PII/Privacy,6,medium
2,Danish,Political/Misinformation/Conspiracy,6,medium
2,Danish,Profanity,6,medium
2,Danish,Sexual,6,medium
2,Danish,Sexual (minor),6,medium
2,Danish,Suicide and Self Harm,6,medium
2,Danish,Threat,5,medium
2,Danish,Unauthorized Advice,6,medium
2,Danish,Violence,6,medium
2,Dutch,Controlled/Regulated Substances,6,medium
2,Dutch,Copyright/Trademark/Plagiarism,5,medium
2,Dutch,Criminal Planning/Confessions,6,medium
2,Dutch,Fraud/Deception,6,medium
2,Dutch,Guns and Illegal Weapons,6,medium
2,Dutch,Harassment,6,medium
2,Dutch,Hate/Identity Hate,6,medium
2,Dutch,High Risk Gov Decision Making,4,medium
2,Dutch,Illegal Activity,1,medium
2,Dutch,Malware,6,medium
2,Dutch,PII/Privacy,6,medium
2,Dutch,Political/Misinformation/Conspiracy,6,medium
2,Dutch,Profanity,6,medium
2,Dutch,Sexual,6,medium
2,Dutch,Sexual (minor),6,medium
2,Dutch,Suicide and Self Harm,6,medium
2,Dutch,Threat,5,medium
2,Dutch,Unauthorized Advice,6,medium
2,Dutch,Violence,6,medium
2,English,Controlled/Regulated Substances,3,high
2,English,Copyright/Trademark/Plagiarism,2,high
2,English,Criminal Planning/Confessions,3,high
2,English,Fraud/Deception,2,high
2,English,Guns and Illegal Weapons,3,high
2,English,Harassment,2,high
2,English,Hate/Identity Hate,3,high
2,English,High Risk Gov Decision Making,2,high
2,English,Illegal Activity,1,high
2,English,Malware,2,high
2,English,PII/Privacy,4,high
2,English,Political/Misinformation/Conspiracy,2,high
2,English,Profanity,2,high
2,English,Sexual,4,high
2,English,Sexual (minor),2,high
2,English,Suicide and Self Harm,2,high
2,English,Threat,2,high
2,English,Unauthorized Advice,2,high
2,English,Violence,2,high
2,Estonian,Controlled/Regulated Substances,6,low
2,Estonian,Copyright/Trademark/Plagiarism,6,low
2,Estonian,Criminal Planning/Confessions,6,low
2,Estonian,Fraud/Deception,6,low
2,Estonian,Guns and Illegal Weapons,6,low
2,Estonian,Harassment,6,low
2,Estonian,Hate/Identity Hate,6,low
2,Estonian,High Risk Gov Decision Making,6,low
2,Estonian,Illegal Activity,1,low
2,Estonian,Malware,5,low
2,Estonian,PII/Privacy,6,low
2,Estonian,Political/Misinformation/Conspiracy,6,low
2,Estonian,Profanity,6,low
2,Estonian,Sexual,6,low
2,Estonian,Sexual (minor),6,low
2,Estonian,Suicide and Self Harm,6,low
2,Estonian,Threat,5,low
2,Estonian,Unauthorized Advice,5,low
2,Estonian,Violence,6,low
2,Filipino (Tagalog),Controlled/Regulated Substances,6,low
2,Filipino (Tagalog),Copyright/Trademark/Plagiarism,6,low
2,Filipino (Tagalog),Criminal Planning/Confessions,6,low
2,Filipino (Tagalog),Fraud/Deception,6,low
2,Filipino (Tagalog),Guns and Illegal Weapons,6,low
2,Filipino (Tagalog),Harassment,6,low
2,Filipino (Tagalog),Hate/Identity Hate,6,low
2,Filipino (Tagalog),High Risk Gov Decision Making,5,low
2,Filipino (Tagalog),Illegal Activity,1,low
2,Filipino (Tagalog),Malware,6,low
2,Filipino (Tagalog),PII/Privacy,6,low
2,Filipino (Tagalog),Political/Misinformation/Conspiracy,6,low
2,Filipino (Tagalog),Profanity,6,low
2,Filipino (Tagalog),Sexual,6,low
2,Filipino (Tagalog),Sexual (minor),6,low
2,Filipino (Tagalog),Suicide and Self Harm,6,low
2,Filipino (Tagalog),Threat,6,low
2,Filipino (Tagalog),Unauthorized Advice,6,low
2,Filipino (Tagalog),Violence,6,low
2,Finnish,Controlled/Regulated Substances,6,medium
2,Finnish,Copyright/Trademark/Plagiarism,6,medium
2,Finnish,Criminal Planning/Confessions,6,medium
2,Finnish,Fraud/Deception,6,medium
2,Finnish,Guns and Illegal Weapons,6,medium
2,Finnish,Harassment,6,medium
2,Finnish,Hate/Identity Hate,6,medium
2,Finnish,High Risk Gov Decision Making,4,medium
2,Finnish,Illegal Activity,1,medium
2,Finnish,Malware,5,medium
2,Finnish,PII/Privacy,6,medium
2,Finnish,Political/Misinformation/Conspiracy,6,medium
2,Finnish,Profanity,6,medium
2,Finnish,Sexual,6,medium
2,Finnish,Sexual (minor),5,medium
2,Finnish,Suicide and Self Harm,6,medium
2,Finnish,Threat,5,medium
2,Finnish,Unauthorized Advice,5,medium
2,Finnish,Violence,6,medium
2,French,Controlled/Regulated Substances,6,high
2,French,Copyright/Trademark/Plagiarism,6,high
2,French,Criminal Planning/Confessions,6,high
2,French,Fraud/Deception,6,high
2,French,Guns and Illegal Weapons,6,high
2,French,Harassment,6,high
2,French,Hate/Identity Hate,6,high
2,French,High Risk Gov Decision Making,5,high
2,French,Illegal Activity,1,high
2,French,Malware,6,high
2,French,PII/Privacy,6,high
2,French,Political/Misinformation/Conspiracy,6,high
2,French,Profanity,6,high
2,French,Sexual,6,high
2,French,Sexual (minor),6,high
2,French,Suicide and Self Harm,6,high
2,French,Threat,6,high
2,French,Unauthorized Advice,4,high
2,French,Violence,6,high
2,Fula,Controlled/Regulated Substances,8,low
2,Fula,Copyright/Trademark/Plagiarism,2,low
2,Fula,Criminal Planning/Confessions,8,low
2,Fula,Fraud/Deception,4,low
2,Fula,Guns and Illegal Weapons,8,low
2,Fula,Harassment,8,low
2,Fula,Hate/Identity Hate,8,low
2,Fula,High Risk Gov Decision Making,3,low
2,Fula,Illegal Activity,1,low
2,Fula,Malware,2,low
2,Fula,PII/Privacy,8,low
2,Fula,Political/Misinformation/Conspiracy,5,low
2,Fula,Profanity,5,low
2,Fula,Sexual,8,low
2,Fula,Sexual (minor),2,low
2,Fula,Suicide and Self Harm,6,low
2,Fula,Threat,3,low
2,Fula,Unauthorized Advice,3,low
2,Fula,Violence,8,low
2,Galician,Controlled/Regulated Substances,6,low
2,Galician,Copyright/Trademark/Plagiarism,6,low
2,Galician,Criminal Planning/Confessions,6,low
2,Galician,Fraud/Deception,6,low
2,Galician,Guns and Illegal Weapons,6,low
2,Galician,Harassment,6,low
2,Galician,Hate/Identity Hate,6,low
2,Galician,High Risk Gov Decision Making,6,low
2,Galician,Illegal Activity,1,low
2,Galician,Malware,6,low
2,Galician,PII/Privacy,6,low
2,Galician,Political/Misinformation/Conspiracy,6,low
2,Galician,Profanity,6,low
2,Galician,Sexual,6,low
2,Galician,Sexual (minor),6,low
2,Galician,Suicide and Self Harm,6,low
2,Galician,Threat,6,low
2,Galician,Unauthorized Advice,6,low
2,Galician,Violence,6,low
2,Ganda,Controlled/Regulated Substances,8,low
2,Ganda,Copyright/Trademark/Plagiarism,5,low
2,Ganda,Criminal Planning/Confessions,8,low
2,Ganda,Fraud/Deception,7,low
2,Ganda,Guns and Illegal Weapons,8,low
2,Ganda,Harassment,8,low
2,Ganda,Hate/Identity Hate,8,low
2,Ganda,High Risk Gov Decision Making,4,low
2,Ganda,Illegal Activity,1,low
2,Ganda,Malware,3,low
2,Ganda,PII/Privacy,8,low
2,Ganda,Political/Misinformation/Conspiracy,8,low
2,Ganda,Profanity,8,low
2,Ganda,Sexual,8,low
2,Ganda,Sexual (minor),4,low
2,Ganda,Suicide and Self Harm,8,low
2,Ganda,Threat,3,low
2,Ganda,Unauthorized Advice,6,low
2,Ganda,Violence,8,low
2,Georgian,Controlled/Regulated Substances,6,low
2,Georgian,Copyright/Trademark/Plagiarism,5,low
2,Georgian,Criminal Planning/Confessions,6,low
2,Georgian,Fraud/Deception,4,low
2,Georgian,Guns and Illegal Weapons,4,low
2,Georgian,Harassment,6,low
2,Georgian,Hate/Identity Hate,6,low
2,Georgian,High Risk Gov Decision Making,3,low
2,Georgian,Illegal Activity,1,low
2,Georgian,Malware,3,low
2,Georgian,PII/Privacy,6,low
2,Georgian,Political/Misinformation/Conspiracy,6,low
2,Georgian,Profanity,4,low
2,Georgian,Sexual,6,low
2,Georgian,Sexual (minor),3,low
2,Georgian,Suicide and Self Harm,5,low
2,Georgian,Threat,2,low
2,Georgian,Unauthorized Advice,3,low
2,Georgian,Violence,5,low
2,German,Controlled/Regulated Substances,6,high
2,German,Copyright/Trademark/Plagiarism,5,high
2,German,Criminal Planning/Confessions,6,high
2,German,Fraud/Deception,6,high
2,German,Guns and Illegal Weapons,6,high
2,German,Harassment,6,high
2,German,Hate/Identity Hate,6,high
2,German,High Risk Gov Decision Making,4,high
2,German,Illegal Activity,1,high
2,German,Malware,6,high
2,German,PII/Privacy,6,high
2,German,Political/Misinformation/Conspiracy,6,high
2,German,Profanity,6,high
2,German,Sexual,6,high
2,German,Sexual (minor),6,high
2,German,Suicide and Self Harm,6,high
2,German,Threat,6,high
2,German,Unauthorized Advice,6,high
2,German,Violence,6,high
2,Greek,Controlled/Regulated Substances,6,medium
2,Greek,Copyright/Trademark/Plagiarism,6,medium
2,Greek,Criminal Planning/Confessions,6,medium
2,Greek,Fraud/Deception,6,medium
2,Greek,Guns and Illegal Weapons,6,medium
2,Greek,Harassment,6,medium
2,Greek,Hate/Identity Hate,6,medium
2,Greek,High Risk Gov Decision Making,6,medium
2,Greek,Illegal Activity,1,medium
2,Greek,Malware,6,medium
2,Greek,PII/Privacy,6,medium
2,Greek,Political/Misinformation/Conspiracy,6,medium
2,Greek,Profanity,6,medium
2,Greek,Sexual,6,medium
2,Greek,Sexual (minor),5,medium
2,Greek,Suicide and Self Harm,6,medium
2,Greek,Threat,6,medium
2,Greek,Unauthorized Advice,6,medium
2,Greek,Violence,6,medium
2,Gujarati,Controlled/Regulated Substances,6,low
2,Gujarati,Copyright/Trademark/Plagiarism,6,low
2,Gujarati,Criminal Planning/Confessions,6,low
2,Gujarati,Fraud/Deception,6,low
2,Gujarati,Guns and Illegal Weapons,6,low
2,Gujarati,Harassment,6,low
2,Gujarati,Hate/Identity Hate,7,low
2,Gujarati,High Risk Gov Decision Making,5,low
2,Gujarati,Illegal Activity,1,low
2,Gujarati,Malware,6,low
2,Gujarati,PII/Privacy,6,low
2,Gujarati,Political/Misinformation/Conspiracy,6,low
2,Gujarati,Profanity,6,low
2,Gujarati,Sexual,6,low
2,Gujarati,Sexual (minor),6,low
2,Gujarati,Suicide and Self Harm,6,low
2,Gujarati,Threat,6,low
2,Gujarati,Unauthorized Advice,6,low
2,Gujarati,Violence,6,low
2,Hausa,Controlled/Regulated Substances,5,low
2,Hausa,Copyright/Trademark/Plagiarism,3,low
2,Hausa,Criminal Planning/Confessions,5,low
2,Hausa,Fraud/Deception,4,low
2,Hausa,Guns and Illegal Weapons,4,low
2,Hausa,Harassment,4,low
2,Hausa,Hate/Identity Hate,5,low
2,Hausa,High Risk Gov Decision Making,4,low
2,Hausa,Illegal Activity,1,low
2,Hausa,Malware,2,low
2,Hausa,PII/Privacy,5,low
2,Hausa,Political/Misinformation/Conspiracy,4,low
2,Hausa,Profanity,4,low
2,Hausa,Sexual,4,low
2,Hausa,Sexual (minor),2,low
2,Hausa,Suicide and Self Harm,4,low
2,Hausa,Threat,2,low
2,Hausa,Unauthorized Advice,2,low
2,Hausa,Violence,4,low
2,Hebrew,Controlled/Regulated Substances,6,medium
2,Hebrew,Copyright/Trademark/Plagiarism,6,medium
2,Hebrew,Criminal Planning/Confessions,6,medium
2,Hebrew,Fraud/Deception,6,medium
2,Hebrew,Guns and Illegal Weapons,6,medium
2,Hebrew,Harassment,6,medium
2,Hebrew,Hate/Identity Hate,6,medium
2,Hebrew,High Risk Gov Decision Making,5,medium
2,Hebrew,Illegal Activity,1,medium
2,Hebrew,Malware,6,medium
2,Hebrew,PII/Privacy,6,medium
2,Hebrew,Political/Misinformation/Conspiracy,6,medium
2,Hebrew,Profanity,6,medium
2,Hebrew,Sexual,6,medium
2,Hebrew,Sexual (minor),5,medium
2,Hebrew,Suicide and Self Harm,6,medium
2,Hebrew,Threat,6,medium
2,Hebrew,Unauthorized Advice,6,medium
2,Hebrew,Violence,6,medium
2,Hindi,Controlled/Regulated Substances,6,medium
2,Hindi,Copyright/Trademark/Plagiarism,6,medium
2,Hindi,Criminal Planning/Confessions,6,medium
2,Hindi,Fraud/Deception,6,medium
2,Hindi,Guns and Illegal Weapons,6,medium
2,Hindi,Harassment,6,medium
2,Hindi,Hate/Identity Hate,6,medium
2,Hindi,High Risk Gov Decision Making,6,medium
2,Hindi,Illegal Activity,1,medium
2,Hindi,Malware,6,medium
2,Hindi,PII/Privacy,6,medium
2,Hindi,Political/Misinformation/Conspiracy,6,medium
2,Hindi,Profanity,6,medium
2,Hindi,Sexual,6,medium
2,Hindi,Sexual (minor),5,medium
2,Hindi,Suicide and Self Harm,6,medium
2,Hindi,Threat,6,medium
2,Hindi,Unauthorized Advice,6,medium
2,Hindi,Violence,6,medium
2,Hungarian,Controlled/Regulated Substances,6,low
2,Hungarian,Copyright/Trademark/Plagiarism,6,low
2,Hungarian,Criminal Planning/Confessions,6,low
2,Hungarian,Fraud/Deception,6,low
2,Hungarian,Guns and Illegal Weapons,6,low
2,Hungarian,Harassment,6,low
2,Hungarian,Hate/Identity Hate,6,low
2,Hungarian,High Risk Gov Decision Making,5,low
2,Hungarian,Illegal Activity,1,low
2,Hungarian,Malware,5,low
2,Hungarian,PII/Privacy,6,low
2,Hungarian,Political/Misinformation/Conspiracy,6,low
2,Hungarian,Profanity,6,low
2,Hungarian,Sexual,6,low
2,Hungarian,Sexual (minor),5,low
2,Hungarian,Suicide and Self Harm,6,low
2,Hungarian,Threat,6,low
2,Hungarian,Unauthorized Advice,5,low
2,Hungarian,Violence,6,low
2,Icelandic,Controlled/Regulated Substances,6,low
2,Icelandic,Copyright/Trademark/Plagiarism,5,low
2,Icelandic,Criminal Planning/Confessions,6,low
2,Icelandic,Fraud/Deception,6,low
2,Icelandic,Guns and Illegal Weapons,6,low
2,Icelandic,Harassment,6,low
2,Icelandic,Hate/Identity Hate,6,low
2,Icelandic,High Risk Gov Decision Making,4,low
2,Icelandic,Illegal Activity,1,low
2,Icelandic,Malware,4,low
2,Icelandic,PII/Privacy,6,low
2,Icelandic,Political/Misinformation/Conspiracy,6,low
2,Icelandic,Profanity,6,low
2,Icelandic,Sexual,6,low
2,Icelandic,Sexual (minor),4,low
2,Icelandic,Suicide and Self Harm,6,low
2,Icelandic,Threat,4,low
2,Icelandic,Unauthorized Advice,6,low
2,Icelandic,Violence,6,low
2,Igbo,Controlled/Regulated Substances,8,low
2,Igbo,Copyright/Trademark/Plagiarism,8,low
2,Igbo,Criminal Planning/Confessions,8,low
2,Igbo,Fraud/Deception,8,low
2,Igbo,Guns and Illegal Weapons,8,low
2,Igbo,Harassment,8,low
2,Igbo,Hate/Identity Hate,8,low
2,Igbo,High Risk Gov Decision Making,4,low
2,Igbo,Illegal Activity,1,low
2,Igbo,Malware,6,low
2,Igbo,PII/Privacy,8,low
2,Igbo,Political/Misinformation/Conspiracy,8,low
2,Igbo,Profanity,8,low
2,Igbo,Sexual,8,low
2,Igbo,Sexual (minor),3,low
2,Igbo,Suicide and Self Harm,8,low
2,Igbo,Threat,4,low
2,Igbo,Unauthorized Advice,4,low
2,Igbo,Violence,8,low
2,Indonesian,Controlled/Regulated Substances,6,medium
2,Indonesian,Copyright/Trademark/Plagiarism,6,medium
2,Indonesian,Criminal Planning/Confessions,6,medium
2,Indonesian,Fraud/Deception,6,medium
2,Indonesian,Guns and Illegal Weapons,6,medium
2,Indonesian,Harassment,6,medium
2,Indonesian,Hate/Identity Hate,6,medium
2,Indonesian,High Risk Gov Decision Making,6,medium
2,Indonesian,Illegal Activity,1,medium
2,Indonesian,Malware,6,medium
2,Indonesian,PII/Privacy,6,medium
2,Indonesian,Political/Misinformation/Conspiracy,6,medium
2,Indonesian,Profanity,6,medium
2,Indonesian,Sexual,6,medium
2,Indonesian,Sexual (minor),6,medium
2,Indonesian,Suicide and Self Harm,6,medium
2,Indonesian,Threat,6,medium
2,Indonesian,Unauthorized Advice,6,medium
2,Indonesian,Violence,6,medium
2,Irish,Controlled/Regulated Substances,6,low
2,Irish,Copyright/Trademark/Plagiarism,6,low
2,Irish,Criminal Planning/Confessions,6,low
2,Irish,Fraud/Deception,6,low
2,Irish,Guns and Illegal Weapons,6,low
2,Irish,Harassment,6,low
2,Irish,Hate/Identity Hate,6,low
2,Irish,High Risk Gov Decision Making,6,low
2,Irish,Illegal Activity,1,low
2,Irish,Malware,5,low
2,Irish,PII/Privacy,6,low
2,Irish,Political/Misinformation/Conspiracy,6,low
2,Irish,Profanity,6,low
2,Irish,Sexual,6,low
2,Irish,Sexual (minor),6,low
2,Irish,Suicide and Self Harm,6,low
2,Irish,Threat,5,low
2,Irish,Unauthorized Advice,6,low
2,Irish,Violence,6,low
2,Italian,Controlled/Regulated Substances,6,high
2,Italian,Copyright/Trademark/Plagiarism,6,high
2,Italian,Criminal Planning/Confessions,6,high
2,Italian,Fraud/Deception,6,high
2,Italian,Guns and Illegal Weapons,6,high
2,Italian,Harassment,6,high
2,Italian,Hate/Identity Hate,6,high
2,Italian,High Risk Gov Decision Making,6,high
2,Italian,Illegal Activity,1,high
2,Italian,Malware,6,high
2,Italian,PII/Privacy,6,high
2,Italian,Political/Misinformation/Conspiracy,6,high
2,Italian,Profanity,6,high
2,Italian,Sexual,6,high
2,Italian,Sexual (minor),6,high
2,Italian,Suicide and Self Harm,6,high
2,Italian,Threat,5,high
2,Italian,Unauthorized Advice,5,high
2,Italian,Violence,6,high
2,Japanese,Controlled/Regulated Substances,6,high
2,Japanese,Copyright/Trademark/Plagiarism,4,high
2,Japanese,Criminal Planning/Confessions,6,high
2,Japanese,Fraud/Deception,6,high
2,Japanese,Guns and Illegal Weapons,6,high
2,Japanese,Harassment,6,high
2,Japanese,Hate/Identity Hate,6,high
2,Japanese,High Risk Gov Decision Making,3,high
2,Japanese,Illegal Activity,1,high
2,Japanese,Malware,3,high
2,Japanese,PII/Privacy,6,high
2,Japanese,Political/Misinformation/Conspiracy,6,high
2,Japanese,Profanity,6,high
2,Japanese,Sexual,6,high
2,Japanese,Sexual (minor),4,high
2,Japanese,Suicide and Self Harm,6,high
2,Japanese,Threat,2,high
2,Japanese,Unauthorized Advice,4,high
2,Japanese,Violence,6,high
2,Javanese,Controlled/Regulated Substances,6,low
2,Javanese,Copyright/Trademark/Plagiarism,5,low
2,Javanese,Criminal Planning/Confessions,6,low
2,Javanese,Fraud/Deception,6,low
2,Javanese,Guns and Illegal Weapons,6,low
2,Javanese,Harassment,6,low
2,Javanese,Hate/Identity Hate,6,low
2,Javanese,High Risk Gov Decision Making,5,low
2,Javanese,Illegal Activity,1,low
2,Javanese,Malware,4,low
2,Javanese,PII/Privacy,6,low
2,Javanese,Political/Misinformation/Conspiracy,6,low
2,Javanese,Profanity,6,low
2,Javanese,Sexual,6,low
2,Javanese,Sexual (minor),4,low
2,Javanese,Suicide and Self Harm,6,low
2,Javanese,Threat,5,low
2,Javanese,Unauthorized Advice,6,low
2,Javanese,Violence,6,low
2,Kannada,Controlled/Regulated Substances,6,low
2,Kannada,Copyright/Trademark/Plagiarism,6,low
2,Kannada,Criminal Planning/Confessions,6,low
2,Kannada,Fraud/Deception,6,low
2,Kannada,Guns and Illegal Weapons,6,low
2,Kannada,Harassment,6,low
2,Kannada,Hate/Identity Hate,6,low
2,Kannada,High Risk Gov Decision Making,5,low
2,Kannada,Illegal Activity,1,low
2,Kannada,Malware,6,low
2,Kannada,PII/Privacy,6,low
2,Kannada,Political/Misinformation/Conspiracy,6,low
2,Kannada,Profanity,6,low
2,Kannada,Sexual,6,low
2,Kannada,Sexual (minor),6,low
2,Kannada,Suicide and Self Harm,6,low
2,Kannada,Threat,6,low
2,Kannada,Unauthorized Advice,6,low
2,Kannada,Violence,6,low
2,Kazakh,Controlled/Regulated Substances,6,low
2,Kazakh,Copyright/Trademark/Plagiarism,5,low
2,Kazakh,Criminal Planning/Confessions,6,low
2,Kazakh,Fraud/Deception,6,low
2,Kazakh,Guns and Illegal Weapons,6,low
2,Kazakh,Harassment,6,low
2,Kazakh,Hate/Identity Hate,6,low
2,Kazakh,High Risk Gov Decision Making,4,low
2,Kazakh,Illegal Activity,1,low
2,Kazakh,Malware,5,low
2,Kazakh,PII/Privacy,6,low
2,Kazakh,Political/Misinformation/Conspiracy,6,low
2,Kazakh,Profanity,6,low
2,Kazakh,Sexual,6,low
2,Kazakh,Sexual (minor),4,low
2,Kazakh,Suicide and Self Harm,6,low
2,Kazakh,Threat,4,low
2,Kazakh,Unauthorized Advice,5,low
2,Kazakh,Violence,6,low
2,Khmer,Controlled/Regulated Substances,6,low
2,Khmer,Copyright/Trademark/Plagiarism,6,low
2,Khmer,Criminal Planning/Confessions,6,low
2,Khmer,Fraud/Deception,6,low
2,Khmer,Guns and Illegal Weapons,6,low
2,Khmer,Harassment,6,low
2,Khmer,Hate/Identity Hate,6,low
2,Khmer,High Risk Gov Decision Making,5,low
2,Khmer,Illegal Activity,1,low
2,Khmer,Malware,6,low
2,Khmer,PII/Privacy,6,low
2,Khmer,Political/Misinformation/Conspiracy,6,low
2,Khmer,Profanity,6,low
2,Khmer,Sexual,6,low
2,Khmer,Sexual (minor),3,low
2,Khmer,Suicide and Self Harm,6,low
2,Khmer,Threat,4,low
2,Khmer,Unauthorized Advice,5,low
2,Khmer,Violence,6,low
2,Korean,Controlled/Regulated Substances,6,high
2,Korean,Copyright/Trademark/Plagiarism,6,high
2,Korean,Criminal Planning/Confessions,6,high
2,Korean,Fraud/Deception,6,high
2,Korean,Guns and Illegal Weapons,6,high
2,Korean,Harassment,6,high
2,Korean,Hate/Identity Hate,6,high
2,Korean,High Risk Gov Decision Making,2,high
2,Korean,Illegal Activity,1,high
2,Korean,Malware,5,high
2,Korean,PII/Privacy,6,high
2,Korean,Political/Misinformation/Conspiracy,6,high
2,Korean,Profanity,6,high
2,Korean,Sexual,6,high
2,Korean,Sexual (minor),3,high
2,Korean,Suicide and Self Harm,6,high
2,Korean,Threat,4,high
2,Korean,Unauthorized Advice,4,high
2,Korean,Violence,6,high
2,Kyrgyz,Controlled/Regulated Substances,6,low
2,Kyrgyz,Copyright/Trademark/Plagiarism,4,low
2,Kyrgyz,Criminal Planning/Confessions,6,low
2,Kyrgyz,Fraud/Deception,6,low
2,Kyrgyz,Guns and Illegal Weapons,6,low
2,Kyrgyz,Harassment,6,low
2,Kyrgyz,Hate/Identity Hate,6,low
2,Kyrgyz,High Risk Gov Decision Making,3,low
2,Kyrgyz,Illegal Activity,1,low
2,Kyrgyz,Malware,5,low
2,Kyrgyz,PII/Privacy,6,low
2,Kyrgyz,Political/Misinformation/Conspiracy,6,low
2,Kyrgyz,Profanity,6,low
2,Kyrgyz,Sexual,6,low
2,Kyrgyz,Sexual (minor),4,low
2,Kyrgyz,Suicide and Self Harm,6,low
2,Kyrgyz,Threat,4,low
2,Kyrgyz,Unauthorized Advice,4,low
2,Kyrgyz,Violence,6,low
2,Lao,Controlled/Regulated Substances,6,low
2,Lao,Copyright/Trademark/Plagiarism,6,low
2,Lao,Criminal Planning/Confessions,6,low
2,Lao,Fraud/Deception,6,low
2,Lao,Guns and Illegal Weapons,6,low
2,Lao,Harassment,6,low
2,Lao,Hate/Identity Hate,6,low
2,Lao,High Risk Gov Decision Making,4,low
2,Lao,Illegal Activity,1,low
2,Lao,Malware,4,low
2,Lao,PII/Privacy,6,low
2,Lao,Political/Misinformation/Conspiracy,6,low
2,Lao,Profanity,6,low
2,Lao,Sexual,6,low
2,Lao,Sexual (minor),5,low
2,Lao,Suicide and Self Harm,6,low
2,Lao,Threat,5,low
2,Lao,Unauthorized Advice,4,low
2,Lao,Violence,6,low
2,Latvian,Controlled/Regulated Substances,6,low
2,Latvian,Copyright/Trademark/Plagiarism,6,low
2,Latvian,Criminal Planning/Confessions,6,low
2,Latvian,Fraud/Deception,6,low
2,Latvian,Guns and Illegal Weapons,6,low
2,Latvian,Harassment,6,low
2,Latvian,Hate/Identity Hate,6,low
2,Latvian,High Risk Gov Decision Making,5,low
2,Latvian,Illegal Activity,1,low
2,Latvian,Malware,4,low
2,Latvian,PII/Privacy,6,low
2,Latvian,Political/Misinformation/Conspiracy,6,low
2,Latvian,Profanity,6,low
2,Latvian,Sexual,6,low
2,Latvian,Sexual (minor),4,low
2,Latvian,Suicide and Self Harm,6,low
2,Latvian,Threat,5,low
2,Latvian,Unauthorized Advice,6,low
2,Latvian,Violence,6,low
2,Lingala,Controlled/Regulated Substances,8,low
2,Lingala,Copyright/Trademark/Plagiarism,8,low
2,Lingala,Criminal Planning/Confessions,8,low
2,Lingala,Fraud/Deception,8,low
2,Lingala,Guns and Illegal Weapons,8,low
2,Lingala,Harassment,8,low
2,Lingala,Hate/Identity Hate,8,low
2,Lingala,High Risk Gov Decision Making,4,low
2,Lingala,Illegal Activity,1,low
2,Lingala,Malware,5,low
2,Lingala,PII/Privacy,8,low
2,Lingala,Political/Misinformation/Conspiracy,8,low
2,Lingala,Profanity,7,low
2,Lingala,Sexual,8,low
2,Lingala,Sexual (minor),3,low
2,Lingala,Suicide and Self Harm,8,low
2,Lingala,Threat,4,low
2,Lingala,Unauthorized Advice,5,low
2,Lingala,Violence,8,low
2,Lithuanian,Controlled/Regulated Substances,6,low
2,Lithuanian,Copyright/Trademark/Plagiarism,4,low
2,Lithuanian,Criminal Planning/Confessions,6,low
2,Lithuanian,Fraud/Deception,6,low
2,Lithuanian,Guns and Illegal Weapons,6,low
2,Lithuanian,Harassment,6,low
2,Lithuanian,Hate/Identity Hate,6,low
2,Lithuanian,High Risk Gov Decision Making,5,low
2,Lithuanian,Illegal Activity,1,low
2,Lithuanian,Malware,6,low
2,Lithuanian,PII/Privacy,6,low
2,Lithuanian,Political/Misinformation/Conspiracy,6,low
2,Lithuanian,Profanity,6,low
2,Lithuanian,Sexual,6,low
2,Lithuanian,Sexual (minor),5,low
2,Lithuanian,Suicide and Self Harm,6,low
2,Lithuanian,Threat,5,low
2,Lithuanian,Unauthorized Advice,5,low
2,Lithuanian,Violence,6,low
2,Luo,Controlled/Regulated Substances,8,low
2,Luo,Copyright/Trademark/Plagiarism,5,low
2,Luo,Criminal Planning/Confessions,8,low
2,Luo,Fraud/Deception,6,low
2,Luo,Guns and Illegal Weapons,8,low
2,Luo,Harassment,8,low
2,Luo,Hate/Identity Hate,8,low
2,Luo,High Risk Gov Decision Making,3,low
2,Luo,Illegal Activity,1,low
2,Luo,Malware,4,low
2,Luo,PII/Privacy,8,low
2,Luo,Political/Misinformation/Conspiracy,7,low
2,Luo,Profanity,6,low
2,Luo,Sexual,8,low
2,Luo,Sexual (minor),3,low
2,Luo,Suicide and Self Harm,6,low
2,Luo,Threat,3,low
2,Luo,Unauthorized Advice,3,low
2,Luo,Violence,8,low
2,Luxembourgish,Controlled/Regulated Substances,8,low
2,Luxembourgish,Copyright/Trademark/Plagiarism,8,low
2,Luxembourgish,Criminal Planning/Confessions,8,low
2,Luxembourgish,Fraud/Deception,8,low
2,Luxembourgish,Guns and Illegal Weapons,8,low
2,Luxembourgish,Harassment,8,low
2,Luxembourgish,Hate/Identity Hate,8,low
2,Luxembourgish,High Risk Gov Decision Making,5,low
2,Luxembourgish,Illegal Activity,1,low
2,Luxembourgish,Malware,8,low
2,Luxembourgish,PII/Privacy,8,low
2,Luxembourgish,Political/Misinformation/Conspiracy,8,low
2,Luxembourgish,Profanity,8,low
2,Luxembourgish,Sexual,8,low
2,Luxembourgish,Sexual (minor),8,low
2,Luxembourgish,Suicide and Self Harm,8,low
2,Luxembourgish,Threat,7,low
2,Luxembourgish,Unauthorized Advice,6,low
2,Luxembourgish,Violence,8,low
2,Macedonian,Controlled/Regulated Substances,6,low
2,Macedonian,Copyright/Trademark/Plagiarism,5,low
2,Macedonian,Criminal Planning/Confessions,6,low
2,Macedonian,Fraud/Deception,6,low
2,Macedonian,Guns and Illegal Weapons,6,low
2,Macedonian,Harassment,6,low
2,Macedonian,Hate/Identity Hate,6,low
2,Macedonian,High Risk Gov Decision Making,4,low
2,Macedonian,Illegal Activity,1,low
2,Macedonian,Malware,6,low
2,Macedonian,PII/Privacy,6,low
2,Macedonian,Political/Misinformation/Conspiracy,6,low
2,Macedonian,Profanity,6,low
2,Macedonian,Sexual,6,low
2,Macedonian,Sexual (minor),4,low
2,Macedonian,Suicide and Self Harm,6,low
2,Macedonian,Threat,6,low
2,Macedonian,Unauthorized Advice,6,low
2,Macedonian,Violence,6,low
2,Malay,Controlled/Regulated Substances,6,medium
2,Malay,Copyright/Trademark/Plagiarism,6,medium
2,Malay,Criminal Planning/Confessions,6,medium
2,Malay,Fraud/Deception,6,medium
2,Malay,Guns and Illegal Weapons,6,medium
2,Malay,Harassment,6,medium
2,Malay,Hate/Identity Hate,6,medium
2,Malay,High Risk Gov Decision Making,5,medium
2,Malay,Illegal Activity,1,medium
2,Malay,Malware,6,medium
2,Malay,PII/Privacy,6,medium
2,Malay,Political/Misinformation/Conspiracy,6,medium
2,Malay,Profanity,6,medium
2,Malay,Sexual,6,medium
2,Malay,Sexual (minor),6,medium
2,Malay,Suicide and Self Harm,6,medium
2,Malay,Threat,6,medium
2,Malay,Unauthorized Advice,6,medium
2,Malay,Violence,6,medium
2,Malayalam,Controlled/Regulated Substances,6,low
2,Malayalam,Copyright/Trademark/Plagiarism,6,low
2,Malayalam,Criminal Planning/Confessions,6,low
2,Malayalam,Fraud/Deception,6,low
2,Malayalam,Guns and Illegal Weapons,6,low
2,Malayalam,Harassment,6,low
2,Malayalam,Hate/Identity Hate,6,low
2,Malayalam,High Risk Gov Decision Making,4,low
2,Malayalam,Illegal Activity,1,low
2,Malayalam,Malware,6,low
2,Malayalam,PII/Privacy,6,low
2,Malayalam,Political/Misinformation/Conspiracy,6,low
2,Malayalam,Profanity,6,low
2,Malayalam,Sexual,6,low
2,Malayalam,Sexual (minor),4,low
2,Malayalam,Suicide and Self Harm,6,low
2,Malayalam,Threat,6,low
2,Malayalam,Unauthorized Advice,4,low
2,Malayalam,Violence,6,low
2,Maltese,Controlled/Regulated Substances,8,low
2,Maltese,Copyright/Trademark/Plagiarism,8,low
2,Maltese,Criminal Planning/Confessions,8,low
2,Maltese,Fraud/Deception,8,low
2,Maltese,Guns and Illegal Weapons,8,low
2,Maltese,Harassment,8,low
2,Maltese,Hate/Identity Hate,8,low
2,Maltese,High Risk Gov Decision Making,6,low
2,Maltese,Illegal Activity,1,low
2,Maltese,Malware,8,low
2,Maltese,PII/Privacy,8,low
2,Maltese,Political/Misinformation/Conspiracy,8,low
2,Maltese,Profanity,8,low
2,Maltese,Sexual,8,low
2,Maltese,Sexual (minor),6,low
2,Maltese,Suicide and Self Harm,8,low
2,Maltese,Threat,5,low
2,Maltese,Unauthorized Advice,8,low
2,Maltese,Violence,8,low
2,Maori,Controlled/Regulated Substances,8,low
2,Maori,Copyright/Trademark/Plagiarism,8,low
2,Maori,Criminal Planning/Confessions,8,low
2,Maori,Fraud/Deception,7,low
2,Maori,Guns and Illegal Weapons,8,low
2,Maori,Harassment,8,low
2,Maori,Hate/Identity Hate,8,low
2,Maori,High Risk Gov Decision Making,5,low
2,Maori,Illegal Activity,1,low
2,Maori,Malware,4,low
2,Maori,PII/Privacy,8,low
2,Maori,Political/Misinformation/Conspiracy,8,low
2,Maori,Profanity,8,low
2,Maori,Sexual,8,low
2,Maori,Sexual (minor),4,low
2,Maori,Suicide and Self Harm,8,low
2,Maori,Threat,6,low
2,Maori,Unauthorized Advice,5,low
2,Maori,Violence,8,low
2,Marathi,Controlled/Regulated Substances,6,low
2,Marathi,Copyright/Trademark/Plagiarism,5,low
2,Marathi,Criminal Planning/Confessions,6,low
2,Marathi,Fraud/Deception,6,low
2,Marathi,Guns and Illegal Weapons,6,low
2,Marathi,Harassment,6,low
2,Marathi,Hate/Identity Hate,6,low
2,Marathi,High Risk Gov Decision Making,4,low
2,Marathi,Illegal Activity,1,low
2,Marathi,Malware,5,low
2,Marathi,PII/Privacy,6,low
2,Marathi,Political/Misinformation/Conspiracy,6,low
2,Marathi,Profanity,6,low
2,Marathi,Sexual,6,low
2,Marathi,Sexual (minor),4,low
2,Marathi,Suicide and Self Harm,6,low
2,Marathi,Threat,5,low
2,Marathi,Unauthorized Advice,5,low
2,Marathi,Violence,6,low
2,Mongolian,Controlled/Regulated Substances,6,low
2,Mongolian,Copyright/Trademark/Plagiarism,4,low
2,Mongolian,Criminal Planning/Confessions,6,low
2,Mongolian,Fraud/Deception,6,low
2,Mongolian,Guns and Illegal Weapons,6,low
2,Mongolian,Harassment,6,low
2,Mongolian,Hate/Identity Hate,6,low
2,Mongolian,High Risk Gov Decision Making,4,low
2,Mongolian,Illegal Activity,1,low
2,Mongolian,Malware,3,low
2,Mongolian,PII/Privacy,6,low
2,Mongolian,Political/Misinformation/Conspiracy,6,low
2,Mongolian,Profanity,6,low
2,Mongolian,Sexual,6,low
2,Mongolian,Sexual (minor),4,low
2,Mongolian,Suicide and Self Harm,6,low
2,Mongolian,Threat,2,low
2,Mongolian,Unauthorized Advice,5,low
2,Mongolian,Violence,6,low
2,Nepali,Controlled/Regulated Substances,7,low
2,Nepali,Copyright/Trademark/Plagiarism,6,low
2,Nepali,Criminal Planning/Confessions,7,low
2,Nepali,Fraud/Deception,6,low
2,Nepali,Guns and Illegal Weapons,6,low
2,Nepali,Harassment,7,low
2,Nepali,Hate/Identity Hate,8,low
2,Nepali,High Risk Gov Decision Making,4,low
2,Nepali,Illegal Activity,1,low
2,Nepali,Malware,6,low
2,Nepali,PII/Privacy,7,low
2,Nepali,Political/Misinformation/Conspiracy,6,low
2,Nepali,Profanity,6,low
2,Nepali,Sexual,6,low
2,Nepali,Sexual (minor),4,low
2,Nepali,Suicide and Self Harm,6,low
2,Nepali,Threat,6,low
2,Nepali,Unauthorized Advice,4,low
2,Nepali,Violence,6,low
2,Northern Sotho,Controlled/Regulated Substances,8,low
2,Northern Sotho,Copyright/Trademark/Plagiarism,8,low
2,Northern Sotho,Criminal Planning/Confessions,8,low
2,Northern Sotho,Fraud/Deception,8,low
2,Northern Sotho,Guns and Illegal Weapons,8,low
2,Northern Sotho,Harassment,8,low
2,Northern Sotho,Hate/Identity Hate,8,low
2,Northern Sotho,High Risk Gov Decision Making,4,low
2,Northern Sotho,Illegal Activity,1,low
2,Northern Sotho,Malware,5,low
2,Northern Sotho,PII/Privacy,8,low
2,Northern Sotho,Political/Misinformation/Conspiracy,8,low
2,Northern Sotho,Profanity,8,low
2,Northern Sotho,Sexual,8,low
2,Northern Sotho,Sexual (minor),4,low
2,Northern Sotho,Suicide and Self Harm,8,low
2,Northern Sotho,Threat,4,low
2,Northern Sotho,Unauthorized Advice,4,low
2,Northern Sotho,Violence,8,low
2,Norwegian,Controlled/Regulated Substances,6,medium
2,Norwegian,Copyright/Trademark/Plagiarism,4,medium
2,Norwegian,Criminal Planning/Confessions,6,medium
2,Norwegian,Fraud/Deception,6,medium
2,Norwegian,Guns and Illegal Weapons,6,medium
2,Norwegian,Harassment,6,medium
2,Norwegian,Hate/Identity Hate,6,medium
2,Norwegian,High Risk Gov Decision Making,4,medium
2,Norwegian,Illegal Activity,1,medium
2,Norwegian,Malware,6,medium
2,Norwegian,PII/Privacy,6,medium
2,Norwegian,Political/Misinformation/Conspiracy,6,medium
2,Norwegian,Profanity,6,medium
2,Norwegian,Sexual,6,medium
2,Norwegian,Sexual (minor),6,medium
2,Norwegian,Suicide and Self Harm,6,medium
2,Norwegian,Threat,5,medium
2,Norwegian,Unauthorized Advice,5,medium
2,Norwegian,Violence,6,medium
2,Nyanja,Controlled/Regulated Substances,8,low
2,Nyanja,Copyright/Trademark/Plagiarism,7,low
2,Nyanja,Criminal Planning/Confessions,8,low
2,Nyanja,Fraud/Deception,7,low
2,Nyanja,Guns and Illegal Weapons,8,low
2,Nyanja,Harassment,8,low
2,Nyanja,Hate/Identity Hate,8,low
2,Nyanja,High Risk Gov Decision Making,4,low
2,Nyanja,Illegal Activity,1,low
2,Nyanja,Malware,4,low
2,Nyanja,PII/Privacy,8,low
2,Nyanja,Political/Misinformation/Conspiracy,8,low
2,Nyanja,Profanity,8,low
2,Nyanja,Sexual,8,low
2,Nyanja,Sexual (minor),5,low
2,Nyanja,Suicide and Self Harm,8,low
2,Nyanja,Threat,4,low
2,Nyanja,Unauthorized Advice,5,low
2,Nyanja,Violence,8,low
2,Occitan,Controlled/Regulated Substances,8,low
2,Occitan,Copyright/Trademark/Plagiarism,6,low
2,Occitan,Criminal Planning/Confessions,8,low
2,Occitan,Fraud/Deception,8,low
2,Occitan,Guns and Illegal Weapons,8,low
2,Occitan,Harassment,8,low
2,Occitan,Hate/Identity Hate,8,low
2,Occitan,High Risk Gov Decision Making,6,low
2,Occitan,Illegal Activity,1,low
2,Occitan,Malware,7,low
2,Occitan,PII/Privacy,8,low
2,Occitan,Political/Misinformation/Conspiracy,8,low
2,Occitan,Profanity,8,low
2,Occitan,Sexual,8,low
2,Occitan,Sexual (minor),6,low
2,Occitan,Suicide and Self Harm,8,low
2,Occitan,Threat,6,low
2,Occitan,Unauthorized Advice,6,low
2,Occitan,Violence,8,low
2,Oriya (Odia),Controlled/Regulated Substances,8,low
2,Oriya (Odia),Copyright/Trademark/Plagiarism,7,low
2,Oriya (Odia),Criminal Planning/Confessions,8,low
2,Oriya (Odia),Fraud/Deception,8,low
2,Oriya (Odia),Guns and Illegal Weapons,8,low
2,Oriya (Odia),Harassment,8,low
2,Oriya (Odia),Hate/Identity Hate,8,low
2,Oriya (Odia),High Risk Gov Decision Making,4,low
2,Oriya (Odia),Illegal Activity,1,low
2,Oriya (Odia),Malware,6,low
2,Oriya (Odia),PII/Privacy,8,low
2,Oriya (Odia),Political/Misinformation/Conspiracy,8,low
2,Oriya (Odia),Profanity,8,low
2,Oriya (Odia),Sexual,8,low
2,Oriya (Odia),Sexual (minor),5,low
2,Oriya (Odia),Suicide and Self Harm,8,low
2,Oriya (Odia),Threat,6,low
2,Oriya (Odia),Unauthorized Advice,5,low
2,Oriya (Odia),Violence,8,low
2,Oromo,Controlled/Regulated Substances,4,low
2,Oromo,Copyright/Trademark/Plagiarism,3,low
2,Oromo,Criminal Planning/Confessions,4,low
2,Oromo,Fraud/Deception,2,low
2,Oromo,Guns and Illegal Weapons,4,low
2,Oromo,Harassment,3,low
2,Oromo,Hate/Identity Hate,4,low
2,Oromo,High Risk Gov Decision Making,2,low
2,Oromo,Illegal Activity,1,low
2,Oromo,Malware,2,low
2,Oromo,PII/Privacy,4,low
2,Oromo,Political/Misinformation/Conspiracy,2,low
2,Oromo,Profanity,3,low
2,Oromo,Sexual,2,low
2,Oromo,Sexual (minor),2,low
2,Oromo,Suicide and Self Harm,2,low
2,Oromo,Threat,2,low
2,Oromo,Unauthorized Advice,2,low
2,Oromo,Violence,3,low
2,Pashto,Controlled/Regulated Substances,6,low
2,Pashto,Copyright/Trademark/Plagiarism,6,low
2,Pashto,Criminal Planning/Confessions,6,low
2,Pashto,Fraud/Deception,6,low
2,Pashto,Guns and Illegal Weapons,6,low
2,Pashto,Harassment,6,low
2,Pashto,Hate/Identity Hate,6,low
2,Pashto,High Risk Gov Decision Making,4,low
2,Pashto,Illegal Activity,1,low
2,Pashto,Malware,5,low
2,Pashto,PII/Privacy,6,low
2,Pashto,Political/Misinformation/Conspiracy,6,low
2,Pashto,Profanity,6,low
2,Pashto,Sexual,6,low
2,Pashto,Sexual (minor),5,low
2,Pashto,Suicide and Self Harm,6,low
2,Pashto,Threat,6,low
2,Pashto,Unauthorized Advice,6,low
2,Pashto,Violence,6,low
2,Persian,Controlled/Regulated Substances,6,medium
2,Persian,Copyright/Trademark/Plagiarism,6,medium
2,Persian,Criminal Planning/Confessions,6,medium
2,Persian,Fraud/Deception,6,medium
2,Persian,Guns and Illegal Weapons,6,medium
2,Persian,Harassment,6,medium
2,Persian,Hate/Identity Hate,6,medium
2,Persian,High Risk Gov Decision Making,4,medium
2,Persian,Illegal Activity,1,medium
2,Persian,Malware,6,medium
2,Persian,PII/Privacy,6,medium
2,Persian,Political/Misinformation/Conspiracy,6,medium
2,Persian,Profanity,6,medium
2,Persian,Sexual,6,medium
2,Persian,Sexual (minor),5,medium
2,Persian,Suicide and Self Harm,6,medium
2,Persian,Threat,5,medium
2,Persian,Unauthorized Advice,6,medium
2,Persian,Violence,6,medium
2,Polish,Controlled/Regulated Substances,6,medium
2,Polish,Copyright/Trademark/Plagiarism,4,medium
2,Polish,Criminal Planning/Confessions,6,medium
2,Polish,Fraud/Deception,6,medium
2,Polish,Guns and Illegal Weapons,6,medium
2,Polish,Harassment,6,medium
2,Polish,Hate/Identity Hate,6,medium
2,Polish,High Risk Gov Decision Making,6,medium
2,Polish,Illegal Activity,1,medium
2,Polish,Malware,5,medium
2,Polish,PII/Privacy,6,medium
2,Polish,Political/Misinformation/Conspiracy,6,medium
2,Polish,Profanity,6,medium
2,Polish,Sexual,6,medium
2,Polish,Sexual (minor),6,medium
2,Polish,Suicide and Self Harm,6,medium
2,Polish,Threat,6,medium
2,Polish,Unauthorized Advice,5,medium
2,Polish,Violence,6,medium
2,Portuguese,Controlled/Regulated Substances,6,high
2,Portuguese,Copyright/Trademark/Plagiarism,6,high
2,Portuguese,Criminal Planning/Confessions,6,high
2,Portuguese,Fraud/Deception,6,high
2,Portuguese,Guns and Illegal Weapons,6,high
2,Portuguese,Harassment,6,high
2,Portuguese,Hate/Identity Hate,6,high
2,Portuguese,High Risk Gov Decision Making,6,high
2,Portuguese,Illegal Activity,1,high
2,Portuguese,Malware,6,high
2,Portuguese,PII/Privacy,6,high
2,Portuguese,Political/Misinformation/Conspiracy,6,high
2,Portuguese,Profanity,6,high
2,Portuguese,Sexual,6,high
2,Portuguese,Sexual (minor),6,high
2,Portuguese,Suicide and Self Harm,6,high
2,Portuguese,Threat,5,high
2,Portuguese,Unauthorized Advice,6,high
2,Portuguese,Violence,6,high
2,Punjabi,Controlled/Regulated Substances,6,low
2,Punjabi,Copyright/Trademark/Plagiarism,6,low
2,Punjabi,Criminal Planning/Confessions,6,low
2,Punjabi,Fraud/Deception,6,low
2,Punjabi,Guns and Illegal Weapons,6,low
2,Punjabi,Harassment,6,low
2,Punjabi,Hate/Identity Hate,6,low
2,Punjabi,High Risk Gov Decision Making,5,low
2,Punjabi,Illegal Activity,1,low
2,Punjabi,Malware,6,low
2,Punjabi,PII/Privacy,6,low
2,Punjabi,Political/Misinformation/Conspiracy,6,low
2,Punjabi,Profanity,6,low
2,Punjabi,Sexual,6,low
2,Punjabi,Sexual (minor),6,low
2,Punjabi,Suicide and Self Harm,6,low
2,Punjabi,Threat,6,low
2,Punjabi,Unauthorized Advice,6,low
2,Punjabi,Violence,6,low
2,Romanian,Controlled/Regulated Substances,6,medium
2,Romanian,Copyright/Trademark/Plagiarism,6,medium
2,Romanian,Criminal Planning/Confessions,6,medium
2,Romanian,Fraud/Deception,6,medium
2,Romanian,Guns and Illegal Weapons,6,medium
2,Romanian,Harassment,6,medium
2,Romanian,Hate/Identity Hate,6,medium
2,Romanian,High Risk Gov Decision Making,6,medium
2,Romanian,Illegal Activity,1,medium
2,Romanian,Malware,6,medium
2,Romanian,PII/Privacy,6,medium
2,Romanian,Political/Misinformation/Conspiracy,6,medium
2,Romanian,Profanity,6,medium
2,Romanian,Sexual,6,medium
2,Romanian,Sexual (minor),6,medium
2,Romanian,Suicide and Self Harm,6,medium
2,Romanian,Threat,4,medium
2,Romanian,Unauthorized Advice,6,medium
2,Romanian,Violence,6,medium
2,Russian,Controlled/Regulated Substances,6,high
2,Russian,Copyright/Trademark/Plagiarism,6,high
2,Russian,Criminal Planning/Confessions,6,high
2,Russian,Fraud/Deception,6,high
2,Russian,Guns and Illegal Weapons,6,high
2,Russian,Harassment,6,high
2,Russian,Hate/Identity Hate,6,high
2,Russian,High Risk Gov Decision Making,6,high
2,Russian,Illegal Activity,1,high
2,Russian,Malware,5,high
2,Russian,PII/Privacy,6,high
2,Russian,Political/Misinformation/Conspiracy,6,high
2,Russian,Profanity,6,high
2,Russian,Sexual,6,high
2,Russian,Sexual (minor),4,high
2,Russian,Suicide and Self Harm,6,high
2,Russian,Threat,5,high
2,Russian,Unauthorized Advice,6,high
2,Russian,Violence,6,high
2,Serbian,Controlled/Regulated Substances,6,low
2,Serbian,Copyright/Trademark/Plagiarism,6,low
2,Serbian,Criminal Planning/Confessions,6,low
2,Serbian,Fraud/Deception,6,low
2,Serbian,Guns and Illegal Weapons,6,low
2,Serbian,Harassment,6,low
2,Serbian,Hate/Identity Hate,6,low
2,Serbian,High Risk Gov Decision Making,5,low
2,Serbian,Illegal Activity,1,low
2,Serbian,Malware,6,low
2,Serbian,PII/Privacy,6,low
2,Serbian,Political/Misinformation/Conspiracy,6,low
2,Serbian,Profanity,6,low
2,Serbian,Sexual,6,low
2,Serbian,Sexual (minor),6,low
2,Serbian,Suicide and Self Harm,6,low
2,Serbian,Threat,4,low
2,Serbian,Unauthorized Advice,6,low
2,Serbian,Violence,6,low
2,Shona,Controlled/Regulated Substances,8,low
2,Shona,Copyright/Trademark/Plagiarism,6,low
2,Shona,Criminal Planning/Confessions,8,low
2,Shona,Fraud/Deception,8,low
2,Shona,Guns and Illegal Weapons,8,low
2,Shona,Harassment,8,low
2,Shona,Hate/Identity Hate,8,low
2,Shona,High Risk Gov Decision Making,4,low
2,Shona,Illegal Activity,1,low
2,Shona,Malware,5,low
2,Shona,PII/Privacy,8,low
2,Shona,Political/Misinformation/Conspiracy,8,low
2,Shona,Profanity,8,low
2,Shona,Sexual,8,low
2,Shona,Sexual (minor),4,low
2,Shona,Suicide and Self Harm,8,low
2,Shona,Threat,6,low
2,Shona,Unauthorized Advice,5,low
2,Shona,Violence,8,low
2,Sindhi,Controlled/Regulated Substances,6,low
2,Sindhi,Copyright/Trademark/Plagiarism,6,low
2,Sindhi,Criminal Planning/Confessions,6,low
2,Sindhi,Fraud/Deception,6,low
2,Sindhi,Guns and Illegal Weapons,6,low
2,Sindhi,Harassment,6,low
2,Sindhi,Hate/Identity Hate,6,low
2,Sindhi,High Risk Gov Decision Making,4,low
2,Sindhi,Illegal Activity,1,low
2,Sindhi,Malware,5,low
2,Sindhi,PII/Privacy,6,low
2,Sindhi,Political/Misinformation/Conspiracy,6,low
2,Sindhi,Profanity,5,low
2,Sindhi,Sexual,6,low
2,Sindhi,Sexual (minor),4,low
2,Sindhi,Suicide and Self Harm,6,low
2,Sindhi,Threat,5,low
2,Sindhi,Unauthorized Advice,6,low
2,Sindhi,Violence,6,low
2,Slovak,Controlled/Regulated Substances,6,low
2,Slovak,Copyright/Trademark/Plagiarism,6,low
2,Slovak,Criminal Planning/Confessions,6,low
2,Slovak,Fraud/Deception,6,low
2,Slovak,Guns and Illegal Weapons,6,low
2,Slovak,Harassment,6,low
2,Slovak,Hate/Identity Hate,6,low
2,Slovak,High Risk Gov Decision Making,6,low
2,Slovak,Illegal Activity,1,low
2,Slovak,Malware,6,low
2,Slovak,PII/Privacy,6,low
2,Slovak,Political/Misinformation/Conspiracy,6,low
2,Slovak,Profanity,6,low
2,Slovak,Sexual,6,low
2,Slovak,Sexual (minor),6,low
2,Slovak,Suicide and Self Harm,6,low
2,Slovak,Threat,5,low
2,Slovak,Unauthorized Advice,6,low
2,Slovak,Violence,6,low
2,Slovenian,Controlled/Regulated Substances,6,low
2,Slovenian,Copyright/Trademark/Plagiarism,5,low
2,Slovenian,Criminal Planning/Confessions,6,low
2,Slovenian,Fraud/Deception,6,low
2,Slovenian,Guns and Illegal Weapons,6,low
2,Slovenian,Harassment,6,low
2,Slovenian,Hate/Identity Hate,6,low
2,Slovenian,High Risk Gov Decision Making,4,low
2,Slovenian,Illegal Activity,1,low
2,Slovenian,Malware,5,low
2,Slovenian,PII/Privacy,6,low
2,Slovenian,Political/Misinformation/Conspiracy,6,low
2,Slovenian,Profanity,6,low
2,Slovenian,Sexual,6,low
2,Slovenian,Sexual (minor),5,low
2,Slovenian,Suicide and Self Harm,6,low
2,Slovenian,Threat,5,low
2,Slovenian,Unauthorized Advice,5,low
2,Slovenian,Violence,6,low
2,Somali,Controlled/Regulated Substances,4,low
2,Somali,Copyright/Trademark/Plagiarism,4,low
2,Somali,Criminal Planning/Confessions,6,low
2,Somali,Fraud/Deception,4,low
2,Somali,Guns and Illegal Weapons,4,low
2,Somali,Harassment,4,low
2,Somali,Hate/Identity Hate,6,low
2,Somali,High Risk Gov Decision Making,4,low
2,Somali,Illegal Activity,1,low
2,Somali,Malware,3,low
2,Somali,PII/Privacy,6,low
2,Somali,Political/Misinformation/Conspiracy,5,low
2,Somali,Profanity,4,low
2,Somali,Sexual,4,low
2,Somali,Sexual (minor),2,low
2,Somali,Suicide and Self Harm,4,low
2,Somali,Threat,2,low
2,Somali,Unauthorized Advice,3,low
2,Somali,Violence,4,low
2,Sorani Kurdish,Controlled/Regulated Substances,8,low
2,Sorani Kurdish,Copyright/Trademark/Plagiarism,8,low
2,Sorani Kurdish,Criminal Planning/Confessions,8,low
2,Sorani Kurdish,Fraud/Deception,8,low
2,Sorani Kurdish,Guns and Illegal Weapons,8,low
2,Sorani Kurdish,Harassment,8,low
2,Sorani Kurdish,Hate/Identity Hate,8,low
2,Sorani Kurdish,High Risk Gov Decision Making,5,low
2,Sorani Kurdish,Illegal Activity,1,low
2,Sorani Kurdish,Malware,5,low
2,Sorani Kurdish,PII/Privacy,8,low
2,Sorani Kurdish,Political/Misinformation/Conspiracy,8,low
2,Sorani Kurdish,Profanity,8,low
2,Sorani Kurdish,Sexual,8,low
2,Sorani Kurdish,Sexual (minor),5,low
2,Sorani Kurdish,Suicide and Self Harm,8,low
2,Sorani Kurdish,Threat,7,low
2,Sorani Kurdish,Unauthorized Advice,5,low
2,Sorani Kurdish,Violence,8,low
2,Spanish,Controlled/Regulated Substances,6,high
2,Spanish,Copyright/Trademark/Plagiarism,5,high
2,Spanish,Criminal Planning/Confessions,6,high
2,Spanish,Fraud/Deception,6,high
2,Spanish,Guns and Illegal Weapons,6,high
2,Spanish,Harassment,6,high
2,Spanish,Hate/Identity Hate,6,high
2,Spanish,High Risk Gov Decision Making,6,high
2,Spanish,Illegal Activity,1,high
2,Spanish,Malware,6,high
2,Spanish,PII/Privacy,6,high
2,Spanish,Political/Misinformation/Conspiracy,6,high
2,Spanish,Profanity,6,high
2,Spanish,Sexual,6,high
2,Spanish,Sexual (minor),6,high
2,Spanish,Suicide and Self Harm,6,high
2,Spanish,Threat,6,high
2,Spanish,Unauthorized Advice,6,high
2,Spanish,Violence,6,high
2,Swahili,Controlled/Regulated Substances,6,low
2,Swahili,Copyright/Trademark/Plagiarism,6,low
2,Swahili,Criminal Planning/Confessions,6,low
2,Swahili,Fraud/Deception,6,low
2,Swahili,Guns and Illegal Weapons,6,low
2,Swahili,Harassment,6,low
2,Swahili,Hate/Identity Hate,6,low
2,Swahili,High Risk Gov Decision Making,4,low
2,Swahili,Illegal Activity,1,low
2,Swahili,Malware,6,low
2,Swahili,PII/Privacy,6,low
2,Swahili,Political/Misinformation/Conspiracy,6,low
2,Swahili,Profanity,6,low
2,Swahili,Sexual,6,low
2,Swahili,Sexual (minor),4,low
2,Swahili,Suicide and Self Harm,6,low
2,Swahili,Threat,5,low
2,Swahili,Unauthorized Advice,6,low
2,Swahili,Violence,6,low
2,Swedish,Controlled/Regulated Substances,6,medium
2,Swedish,Copyright/Trademark/Plagiarism,6,medium
2,Swedish,Criminal Planning/Confessions,6,medium
2,Swedish,Fraud/Deception,6,medium
2,Swedish,Guns and Illegal Weapons,6,medium
2,Swedish,Harassment,6,medium
2,Swedish,Hate/Identity Hate,6,medium
2,Swedish,High Risk Gov Decision Making,5,medium
2,Swedish,Illegal Activity,1,medium
2,Swedish,Malware,6,medium
2,Swedish,PII/Privacy,6,medium
2,Swedish,Political/Misinformation/Conspiracy,6,medium
2,Swedish,Profanity,6,medium
2,Swedish,Sexual,6,medium
2,Swedish,Sexual (minor),6,medium
2,Swedish,Suicide and Self Harm,6,medium
2,Swedish,Threat,6,medium
2,Swedish,Unauthorized Advice,6,medium
2,Swedish,Violence,6,medium
2,Tajik,Controlled/Regulated Substances,8,low
2,Tajik,Copyright/Trademark/Plagiarism,7,low
2,Tajik,Criminal Planning/Confessions,8,low
2,Tajik,Fraud/Deception,8,low
2,Tajik,Guns and Illegal Weapons,8,low
2,Tajik,Harassment,8,low
2,Tajik,Hate/Identity Hate,8,low
2,Tajik,High Risk Gov Decision Making,4,low
2,Tajik,Illegal Activity,1,low
2,Tajik,Malware,7,low
2,Tajik,PII/Privacy,8,low
2,Tajik,Political/Misinformation/Conspiracy,8,low
2,Tajik,Profanity,8,low
2,Tajik,Sexual,8,low
2,Tajik,Sexual (minor),6,low
2,Tajik,Suicide and Self Harm,8,low
2,Tajik,Threat,5,low
2,Tajik,Unauthorized Advice,5,low
2,Tajik,Violence,8,low
2,Tamil,Controlled/Regulated Substances,6,low
2,Tamil,Copyright/Trademark/Plagiarism,5,low
2,Tamil,Criminal Planning/Confessions,6,low
2,Tamil,Fraud/Deception,6,low
2,Tamil,Guns and Illegal Weapons,6,low
2,Tamil,Harassment,6,low
2,Tamil,Hate/Identity Hate,6,low
2,Tamil,High Risk Gov Decision Making,5,low
2,Tamil,Illegal Activity,1,low
2,Tamil,Malware,6,low
2,Tamil,PII/Privacy,6,low
2,Tamil,Political/Misinformation/Conspiracy,6,low
2,Tamil,Profanity,6,low
2,Tamil,Sexual,6,low
2,Tamil,Sexual (minor),5,low
2,Tamil,Suicide and Self Harm,6,low
2,Tamil,Threat,5,low
2,Tamil,Unauthorized Advice,6,low
2,Tamil,Violence,6,low
2,Telugu,Controlled/Regulated Substances,6,low
2,Telugu,Copyright/Trademark/Plagiarism,6,low
2,Telugu,Criminal Planning/Confessions,6,low
2,Telugu,Fraud/Deception,6,low
2,Telugu,Guns and Illegal Weapons,6,low
2,Telugu,Harassment,6,low
2,Telugu,Hate/Identity Hate,6,low
2,Telugu,High Risk Gov Decision Making,4,low
2,Telugu,Illegal Activity,1,low
2,Telugu,Malware,5,low
2,Telugu,PII/Privacy,6,low
2,Telugu,Political/Misinformation/Conspiracy,6,low
2,Telugu,Profanity,6,low
2,Telugu,Sexual,6,low
2,Telugu,Sexual (minor),4,low
2,Telugu,Suicide and Self Harm,6,low
2,Telugu,Threat,4,low
2,Telugu,Unauthorized Advice,5,low
2,Telugu,Violence,6,low
2,Thai,Controlled/Regulated Substances,6,medium
2,Thai,Copyright/Trademark/Plagiarism,6,medium
2,Thai,Criminal Planning/Confessions,6,medium
2,Thai,Fraud/Deception,6,medium
2,Thai,Guns and Illegal Weapons,6,medium
2,Thai,Harassment,6,medium
2,Thai,Hate/Identity Hate,6,medium
2,Thai,High Risk Gov Decision Making,4,medium
2,Thai,Illegal Activity,1,medium
2,Thai,Malware,4,medium
2,Thai,PII/Privacy,6,medium
2,Thai,Political/Misinformation/Conspiracy,6,medium
2,Thai,Profanity,6,medium
2,Thai,Sexual,6,medium
2,Thai,Sexual (minor),4,medium
2,Thai,Suicide and Self Harm,6,medium
2,Thai,Threat,5,medium
2,Thai,Unauthorized Advice,4,medium
2,Thai,Violence,6,medium
2,Turkish,Controlled/Regulated Substances,6,medium
2,Turkish,Copyright/Trademark/Plagiarism,6,medium
2,Turkish,Criminal Planning/Confessions,6,medium
2,Turkish,Fraud/Deception,6,medium
2,Turkish,Guns and Illegal Weapons,6,medium
2,Turkish,Harassment,6,medium
2,Turkish,Hate/Identity Hate,6,medium
2,Turkish,High Risk Gov Decision Making,4,medium
2,Turkish,Illegal Activity,1,medium
2,Turkish,Malware,6,medium
2,Turkish,PII/Privacy,6,medium
2,Turkish,Political/Misinformation/Conspiracy,6,medium
2,Turkish,Profanity,6,medium
2,Turkish,Sexual,6,medium
2,Turkish,Sexual (minor),6,medium
2,Turkish,Suicide and Self Harm,6,medium
2,Turkish,Threat,5,medium
2,Turkish,Unauthorized Advice,5,medium
2,Turkish,Violence,6,medium
2,Ukrainian,Controlled/Regulated Substances,6,medium
2,Ukrainian,Copyright/Trademark/Plagiarism,6,medium
2,Ukrainian,Criminal Planning/Confessions,6,medium
2,Ukrainian,Fraud/Deception,6,medium
2,Ukrainian,Guns and Illegal Weapons,6,medium
2,Ukrainian,Harassment,6,medium
2,Ukrainian,Hate/Identity Hate,6,medium
2,Ukrainian,High Risk Gov Decision Making,6,medium
2,Ukrainian,Illegal Activity,1,medium
2,Ukrainian,Malware,6,medium
2,Ukrainian,PII/Privacy,6,medium
2,Ukrainian,Political/Misinformation/Conspiracy,6,medium
2,Ukrainian,Profanity,6,medium
2,Ukrainian,Sexual,6,medium
2,Ukrainian,Sexual (minor),5,medium
2,Ukrainian,Suicide and Self Harm,6,medium
2,Ukrainian,Threat,6,medium
2,Ukrainian,Unauthorized Advice,6,medium
2,Ukrainian,Violence,6,medium
2,Urdu,Controlled/Regulated Substances,6,medium
2,Urdu,Copyright/Trademark/Plagiarism,6,medium
2,Urdu,Criminal Planning/Confessions,6,medium
2,Urdu,Fraud/Deception,6,medium
2,Urdu,Guns and Illegal Weapons,6,medium
2,Urdu,Harassment,6,medium
2,Urdu,Hate/Identity Hate,6,medium
2,Urdu,High Risk Gov Decision Making,4,medium
2,Urdu,Illegal Activity,1,medium
2,Urdu,Malware,6,medium
2,Urdu,PII/Privacy,6,medium
2,Urdu,Political/Misinformation/Conspiracy,6,medium
2,Urdu,Profanity,6,medium
2,Urdu,Sexual,6,medium
2,Urdu,Sexual (minor),5,medium
2,Urdu,Suicide and Self Harm,6,medium
2,Urdu,Threat,6,medium
2,Urdu,Unauthorized Advice,6,medium
2,Urdu,Violence,6,medium
2,Vietnamese,Controlled/Regulated Substances,6,medium
2,Vietnamese,Copyright/Trademark/Plagiarism,5,medium
2,Vietnamese,Criminal Planning/Confessions,6,medium
2,Vietnamese,Fraud/Deception,6,medium
2,Vietnamese,Guns and Illegal Weapons,6,medium
2,Vietnamese,Harassment,6,medium
2,Vietnamese,Hate/Identity Hate,6,medium
2,Vietnamese,High Risk Gov Decision Making,5,medium
2,Vietnamese,Illegal Activity,1,medium
2,Vietnamese,Malware,6,medium
2,Vietnamese,PII/Privacy,6,medium
2,Vietnamese,Political/Misinformation/Conspiracy,6,medium
2,Vietnamese,Profanity,6,medium
2,Vietnamese,Sexual,6,medium
2,Vietnamese,Sexual (minor),5,medium
2,Vietnamese,Suicide and Self Harm,6,medium
2,Vietnamese,Threat,6,medium
2,Vietnamese,Unauthorized Advice,5,medium
2,Vietnamese,Violence,6,medium
2,Welsh,Controlled/Regulated Substances,6,low
2,Welsh,Copyright/Trademark/Plagiarism,4,low
2,Welsh,Criminal Planning/Confessions,6,low
2,Welsh,Fraud/Deception,6,low
2,Welsh,Guns and Illegal Weapons,6,low
2,Welsh,Harassment,6,low
2,Welsh,Hate/Identity Hate,6,low
2,Welsh,High Risk Gov Decision Making,6,low
2,Welsh,Illegal Activity,1,low
2,Welsh,Malware,6,low
2,Welsh,PII/Privacy,6,low
2,Welsh,Political/Misinformation/Conspiracy,6,low
2,Welsh,Profanity,6,low
2,Welsh,Sexual,6,low
2,Welsh,Sexual (minor),6,low
2,Welsh,Suicide and Self Harm,6,low
2,Welsh,Threat,6,low
2,Welsh,Unauthorized Advice,6,low
2,Welsh,Violence,6,low
2,Wolof,Controlled/Regulated Substances,8,low
2,Wolof,Copyright/Trademark/Plagiarism,2,low
2,Wolof,Criminal Planning/Confessions,8,low
2,Wolof,Fraud/Deception,6,low
2,Wolof,Guns and Illegal Weapons,5,low
2,Wolof,Harassment,8,low
2,Wolof,Hate/Identity Hate,8,low
2,Wolof,High Risk Gov Decision Making,4,low
2,Wolof,Illegal Activity,1,low
2,Wolof,Malware,3,low
2,Wolof,PII/Privacy,8,low
2,Wolof,Political/Misinformation/Conspiracy,6,low
2,Wolof,Profanity,7,low
2,Wolof,Sexual,8,low
2,Wolof,Sexual (minor),3,low
2,Wolof,Suicide and Self Harm,6,low
2,Wolof,Threat,2,low
2,Wolof,Unauthorized Advice,3,low
2,Wolof,Violence,8,low
2,Xhosa,Controlled/Regulated Substances,4,low
2,Xhosa,Copyright/Trademark/Plagiarism,3,low
2,Xhosa,Criminal Planning/Confessions,4,low
2,Xhosa,Fraud/Deception,2,low
2,Xhosa,Guns and Illegal Weapons,4,low
2,Xhosa,Harassment,4,low
2,Xhosa,Hate/Identity Hate,5,low
2,Xhosa,High Risk Gov Decision Making,3,low
2,Xhosa,Illegal Activity,1,low
2,Xhosa,Malware,3,low
2,Xhosa,PII/Privacy,4,low
2,Xhosa,Political/Misinformation/Conspiracy,4,low
2,Xhosa,Profanity,3,low
2,Xhosa,Sexual,4,low
2,Xhosa,Sexual (minor),2,low
2,Xhosa,Suicide and Self Harm,2,low
2,Xhosa,Threat,2,low
2,Xhosa,Unauthorized Advice,2,low
2,Xhosa,Violence,4,low
2,Yoruba,Controlled/Regulated Substances,8,low
2,Yoruba,Copyright/Trademark/Plagiarism,6,low
2,Yoruba,Criminal Planning/Confessions,8,low
2,Yoruba,Fraud/Deception,5,low
2,Yoruba,Guns and Illegal Weapons,8,low
2,Yoruba,Harassment,8,low
2,Yoruba,Hate/Identity Hate,8,low
2,Yoruba,High Risk Gov Decision Making,4,low
2,Yoruba,Illegal Activity,1,low
2,Yoruba,Malware,4,low
2,Yoruba,PII/Privacy,8,low
2,Yoruba,Political/Misinformation/Conspiracy,8,low
2,Yoruba,Profanity,8,low
2,Yoruba,Sexual,8,low
2,Yoruba,Sexual (minor),4,low
2,Yoruba,Suicide and Self Harm,7,low
2,Yoruba,Threat,4,low
2,Yoruba,Unauthorized Advice,5,low
2,Yoruba,Violence,8,low
2,Zulu,Controlled/Regulated Substances,8,low
2,Zulu,Copyright/Trademark/Plagiarism,7,low
2,Zulu,Criminal Planning/Confessions,8,low
2,Zulu,Fraud/Deception,8,low
2,Zulu,Guns and Illegal Weapons,8,low
2,Zulu,Harassment,8,low
2,Zulu,Hate/Identity Hate,8,low
2,Zulu,High Risk Gov Decision Making,5,low
2,Zulu,Illegal Activity,1,low
2,Zulu,Malware,7,low
2,Zulu,PII/Privacy,8,low
2,Zulu,Political/Misinformation/Conspiracy,8,low
2,Zulu,Profanity,8,low
2,Zulu,Sexual,8,low
2,Zulu,Sexual (minor),4,low
2,Zulu,Suicide and Self Harm,8,low
2,Zulu,Threat,7,low
2,Zulu,Unauthorized Advice,6,low
2,Zulu,Violence,8,low
3,Afrikaans,Controlled/Regulated Substances,9,low
3,Afrikaans,Copyright/Trademark/Plagiarism,7,low
3,Afrikaans,Criminal Planning/Confessions,9,low
3,Afrikaans,Fraud/Deception,9,low
3,Afrikaans,Guns and Illegal Weapons,9,low
3,Afrikaans,Harassment,9,low
3,Afrikaans,Hate/Identity Hate,9,low
3,Afrikaans,High Risk Gov Decision Making,8,low
3,Afrikaans,Illegal Activity,1,low
3,Afrikaans,Malware,8,low
3,Afrikaans,PII/Privacy,9,low
3,Afrikaans,Political/Misinformation/Conspiracy,9,low
3,Afrikaans,Profanity,9,low
3,Afrikaans,Sexual,9,low
3,Afrikaans,Sexual (minor),9,low
3,Afrikaans,Suicide and Self Harm,9,low
3,Afrikaans,Threat,8,low
3,Afrikaans,Unauthorized Advice,8,low
3,Afrikaans,Violence,9,low
3,Amharic,Controlled/Regulated Substances,9,low
3,Amharic,Copyright/Trademark/Plagiarism,7,low
3,Amharic,Criminal Planning/Confessions,9,low
3,Amharic,Fraud/Deception,9,low
3,Amharic,Guns and Illegal Weapons,9,low
3,Amharic,Harassment,9,low
3,Amharic,Hate/Identity Hate,9,low
3,Amharic,High Risk Gov Decision Making,4,low
3,Amharic,Illegal Activity,1,low
3,Amharic,Malware,7,low
3,Amharic,PII/Privacy,9,low
3,Amharic,Political/Misinformation/Conspiracy,9,low
3,Amharic,Profanity,9,low
3,Amharic,Sexual,9,low
3,Amharic,Sexual (minor),7,low
3,Amharic,Suicide and Self Harm,9,low
3,Amharic,Threat,7,low
3,Amharic,Unauthorized Advice,5,low
3,Amharic,Violence,9,low
3,Arabic,Controlled/Regulated Substances,9,high
3,Arabic,Copyright/Trademark/Plagiarism,7,high
3,Arabic,Criminal Planning/Confessions,9,high
3,Arabic,Fraud/Deception,9,high
3,Arabic,Guns and Illegal Weapons,9,high
3,Arabic,Harassment,9,high
3,Arabic,Hate/Identity Hate,9,high
3,Arabic,High Risk Gov Decision Making,7,high
3,Arabic,Illegal Activity,1,high
3,Arabic,Malware,8,high
3,Arabic,PII/Privacy,9,high
3,Arabic,Political/Misinformation/Conspiracy,9,high
3,Arabic,Profanity,9,high
3,Arabic,Sexual,9,high
3,Arabic,Sexual (minor),7,high
3,Arabic,Suicide and Self Harm,9,high
3,Arabic,Threat,7,high
3,Arabic,Unauthorized Advice,7,high
3,Arabic,Violence,9,high
3,Armenian,Controlled/Regulated Substances,10,low
3,Armenian,Copyright/Trademark/Plagiarism,9,low
3,Armenian,Criminal Planning/Confessions,10,low
3,Armenian,Fraud/Deception,9,low
3,Armenian,Guns and Illegal Weapons,9,low
3,Armenian,Harassment,9,low
3,Armenian,Hate/Identity Hate,10,low
3,Armenian,High Risk Gov Decision Making,5,low
3,Armenian,Illegal Activity,1,low
3,Armenian,Malware,6,low
3,Armenian,PII/Privacy,9,low
3,Armenian,Political/Misinformation/Conspiracy,9,low
3,Armenian,Profanity,9,low
3,Armenian,Sexual,9,low
3,Armenian,Sexual (minor),9,low
3,Armenian,Suicide and Self Harm,9,low
3,Armenian,Threat,7,low
3,Armenian,Unauthorized Advice,6,low
3,Armenian,Violence,9,low
3,Assamese,Controlled/Regulated Substances,9,low
3,Assamese,Copyright/Trademark/Plagiarism,8,low
3,Assamese,Criminal Planning/Confessions,9,low
3,Assamese,Fraud/Deception,9,low
3,Assamese,Guns and Illegal Weapons,9,low
3,Assamese,Harassment,9,low
3,Assamese,Hate/Identity Hate,9,low
3,Assamese,High Risk Gov Decision Making,6,low
3,Assamese,Illegal Activity,1,low
3,Assamese,Malware,9,low
3,Assamese,PII/Privacy,9,low
3,Assamese,Political/Misinformation/Conspiracy,9,low
3,Assamese,Profanity,9,low
3,Assamese,Sexual,9,low
3,Assamese,Sexual (minor),6,low
3,Assamese,Suicide and Self Harm,9,low
3,Assamese,Threat,4,low
3,Assamese,Unauthorized Advice,7,low
3,Assamese,Violence,9,low
3,Asturian,Controlled/Regulated Substances,12,low
3,Asturian,Copyright/Trademark/Plagiarism,12,low
3,Asturian,Criminal Planning/Confessions,12,low
3,Asturian,Fraud/Deception,11,low
3,Asturian,Guns and Illegal Weapons,12,low
3,Asturian,Harassment,12,low
3,Asturian,Hate/Identity Hate,12,low
3,Asturian,High Risk Gov Decision Making,7,low
3,Asturian,Illegal Activity,1,low
3,Asturian,Malware,10,low
3,Asturian,PII/Privacy,12,low
3,Asturian,Political/Misinformation/Conspiracy,12,low
3,Asturian,Profanity,12,low
3,Asturian,Sexual,12,low
3,Asturian,Sexual (minor),8,low
3,Asturian,Suicide and Self Harm,12,low
3,Asturian,Threat,7,low
3,Asturian,Unauthorized Advice,11,low
3,Asturian,Violence,12,low
3,Azerbaijani,Controlled/Regulated Substances,9,low
3,Azerbaijani,Copyright/Trademark/Plagiarism,9,low
3,Azerbaijani,Criminal Planning/Confessions,9,low
3,Azerbaijani,Fraud/Deception,9,low
3,Azerbaijani,Guns and Illegal Weapons,9,low
3,Azerbaijani,Harassment,9,low
3,Azerbaijani,Hate/Identity Hate,9,low
3,Azerbaijani,High Risk Gov Decision Making,6,low
3,Azerbaijani,Illegal Activity,1,low
3,Azerbaijani,Malware,8,low
3,Azerbaijani,PII/Privacy,9,low
3,Azerbaijani,Political/Misinformation/Conspiracy,9,low
3,Azerbaijani,Profanity,9,low
3,Azerbaijani,Sexual,9,low
3,Azerbaijani,Sexual (minor),7,low
3,Azerbaijani,Suicide and Self Harm,9,low
3,Azerbaijani,Threat,8,low
3,Azerbaijani,Unauthorized Advice,8,low
3,Azerbaijani,Violence,9,low
3,Belarusian,Controlled/Regulated Substances,9,low
3,Belarusian,Copyright/Trademark/Plagiarism,6,low
3,Belarusian,Criminal Planning/Confessions,9,low
3,Belarusian,Fraud/Deception,9,low
3,Belarusian,Guns and Illegal Weapons,9,low
3,Belarusian,Harassment,9,low
3,Belarusian,Hate/Identity Hate,9,low
3,Belarusian,High Risk Gov Decision Making,7,low
3,Belarusian,Illegal Activity,1,low
3,Belarusian,Malware,8,low
3,Belarusian,PII/Privacy,9,low
3,Belarusian,Political/Misinformation/Conspiracy,9,low
3,Belarusian,Profanity,9,low
3,Belarusian,Sexual,9,low
3,Belarusian,Sexual (minor),6,low
3,Belarusian,Suicide and Self Harm,9,low
3,Belarusian,Threat,6,low
3,Belarusian,Unauthorized Advice,7,low
3,Belarusian,Violence,9,low
3,Bengali,Controlled/Regulated Substances,9,medium
3,Bengali,Copyright/Trademark/Plagiarism,9,medium
3,Bengali,Criminal Planning/Confessions,9,medium
3,Bengali,Fraud/Deception,9,medium
3,Bengali,Guns and Illegal Weapons,9,medium
3,Bengali,Harassment,9,medium
3,Bengali,Hate/Identity Hate,9,medium
3,Bengali,High Risk Gov Decision Making,4,medium
3,Bengali,Illegal Activity,1,medium
3,Bengali,Malware,9,medium
3,Bengali,PII/Privacy,9,medium
3,Bengali,Political/Misinformation/Conspiracy,9,medium
3,Bengali,Profanity,9,medium
3,Bengali,Sexual,9,medium
3,Bengali,Sexual (minor),6,medium
3,Bengali,Suicide and Self Harm,9,medium
3,Bengali,Threat,7,medium
3,Bengali,Unauthorized Advice,8,medium
3,Bengali,Violence,9,medium
3,Bosnian,Controlled/Regulated Substances,9,low
3,Bosnian,Copyright/Trademark/Plagiarism,7,low
3,Bosnian,Criminal Planning/Confessions,9,low
3,Bosnian,Fraud/Deception,9,low
3,Bosnian,Guns and Illegal Weapons,9,low
3,Bosnian,Harassment,9,low
3,Bosnian,Hate/Identity Hate,9,low
3,Bosnian,High Risk Gov Decision Making,7,low
3,Bosnian,Illegal Activity,1,low
3,Bosnian,Malware,8,low
3,Bosnian,PII/Privacy,9,low
3,Bosnian,Political/Misinformation/Conspiracy,9,low
3,Bosnian,Profanity,9,low
3,Bosnian,Sexual,9,low
3,Bosnian,Sexual (minor),7,low
3,Bosnian,Suicide and Self Harm,9,low
3,Bosnian,Threat,6,low
3,Bosnian,Unauthorized Advice,7,low
3,Bosnian,Violence,9,low
3,Bulgarian,Controlled/Regulated Substances,9,medium
3,Bulgarian,Copyright/Trademark/Plagiarism,8,medium
3,Bulgarian,Criminal Planning/Confessions,9,medium
3,Bulgarian,Fraud/Deception,9,medium
3,Bulgarian,Guns and Illegal Weapons,9,medium
3,Bulgarian,Harassment,9,medium
3,Bulgarian,Hate/Identity Hate,9,medium
3,Bulgarian,High Risk Gov Decision Making,6,medium
3,Bulgarian,Illegal Activity,1,medium
3,Bulgarian,Malware,9,medium
3,Bulgarian,PII/Privacy,9,medium
3,Bulgarian,Political/Misinformation/Conspiracy,9,medium
3,Bulgarian,Profanity,9,medium
3,Bulgarian,Sexual,9,medium
3,Bulgarian,Sexual (minor),9,medium
3,Bulgarian,Suicide and Self Harm,9,medium
3,Bulgarian,Threat,7,medium
3,Bulgarian,Unauthorized Advice,8,medium
3,Bulgarian,Violence,9,medium
3,Burmese,Controlled/Regulated Substances,9,low
3,Burmese,Copyright/Trademark/Plagiarism,8,low
3,Burmese,Criminal Planning/Confessions,9,low
3,Burmese,Fraud/Deception,8,low
3,Burmese,Guns and Illegal Weapons,9,low
3,Burmese,Harassment,9,low
3,Burmese,Hate/Identity Hate,9,low
3,Burmese,High Risk Gov Decision Making,6,low
3,Burmese,Illegal Activity,1,low
3,Burmese,Malware,7,low
3,Burmese,PII/Privacy,9,low
3,Burmese,Political/Misinformation/Conspiracy,9,low
3,Burmese,Profanity,7,low
3,Burmese,Sexual,9,low
3,Burmese,Sexual (minor),5,low
3,Burmese,Suicide and Self Harm,9,low
3,Burmese,Threat,5,low
3,Burmese,Unauthorized Advice,5,low
3,Burmese,Violence,9,low
3,Catalan,Controlled/Regulated Substances,9,low
3,Catalan,Copyright/Trademark/Plagiarism,9,low
3,Catalan,Criminal Planning/Confessions,9,low
3,Catalan,Fraud/Deception,9,low
3,Catalan,Guns and Illegal Weapons,9,low
3,Catalan,Harassment,9,low
3,Catalan,Hate/Identity Hate,9,low
3,Catalan,High Risk Gov Decision Making,7,low
3,Catalan,Illegal Activity,1,low
3,Catalan,Malware,9,low
3,Catalan,PII/Privacy,9,low
3,Catalan,Political/Misinformation/Conspiracy,9,low
3,Catalan,Profanity,9,low
3,Catalan,Sexual,9,low
3,Catalan,Sexual (minor),7,low
3,Catalan,Suicide and Self Harm,9,low
3,Catalan,Threat,8,low
3,Catalan,Unauthorized Advice,9,low
3,Catalan,Violence,9,low
3,Cebuano,Controlled/Regulated Substances,12,low
3,Cebuano,Copyright/Trademark/Plagiarism,11,low
3,Cebuano,Criminal Planning/Confessions,12,low
3,Cebuano,Fraud/Deception,12,low
3,Cebuano,Guns and Illegal Weapons,12,low
3,Cebuano,Harassment,12,low
3,Cebuano,Hate/Identity Hate,12,low
3,Cebuano,High Risk Gov Decision Making,6,low
3,Cebuano,Illegal Activity,1,low
3,Cebuano,Malware,10,low
3,Cebuano,PII/Privacy,12,low
3,Cebuano,Political/Misinformation/Conspiracy,12,low
3,Cebuano,Profanity,12,low
3,Cebuano,Sexual,12,low
3,Cebuano,Sexual (minor),8,low
3,Cebuano,Suicide and Self Harm,12,low
3,Cebuano,Threat,6,low
3,Cebuano,Unauthorized Advice,8,low
3,Cebuano,Violence,12,low
3,Chinese (Simplified),Controlled/Regulated Substances,9,high
3,Chinese (Simplified),Copyright/Trademark/Plagiarism,6,high
3,Chinese (Simplified),Criminal Planning/Confessions,9,high
3,Chinese (Simplified),Fraud/Deception,9,high
3,Chinese (Simplified),Guns and Illegal Weapons,9,high
3,Chinese (Simplified),Harassment,9,high
3,Chinese (Simplified),Hate/Identity Hate,9,high
3,Chinese (Simplified),High Risk Gov Decision Making,4,high
3,Chinese (Simplified),Illegal Activity,1,high
3,Chinese (Simplified),Malware,7,high
3,Chinese (Simplified),PII/Privacy,9,high
3,Chinese (Simplified),Political/Misinformation/Conspiracy,9,high
3,Chinese (Simplified),Profanity,9,high
3,Chinese (Simplified),Sexual,9,high
3,Chinese (Simplified),Sexual (minor),5,high
3,Chinese (Simplified),Suicide and Self Harm,9,high
3,Chinese (Simplified),Threat,6,high
3,Chinese (Simplified),Unauthorized Advice,8,high
3,Chinese (Simplified),Violence,9,high
3,Chinese (Traditional),Controlled/Regulated Substances,9,high
3,Chinese (Traditional),Copyright/Trademark/Plagiarism,5,high
3,Chinese (Traditional),Criminal Planning/Confessions,9,high
3,Chinese (Traditional),Fraud/Deception,6,high
3,Chinese (Traditional),Guns and Illegal Weapons,9,high
3,Chinese (Traditional),Harassment,9,high
3,Chinese (Traditional),Hate/Identity Hate,9,high
3,Chinese (Traditional),High Risk Gov Decision Making,3,high
3,Chinese (Traditional),Illegal Activity,1,high
3,Chinese (Traditional),Malware,4,high
3,Chinese (Traditional),PII/Privacy,9,high
3,Chinese (Traditional),Political/Misinformation/Conspiracy,8,high
3,Chinese (Traditional),Profanity,8,high
3,Chinese (Traditional),Sexual,9,high
3,Chinese (Traditional),Sexual (minor),4,high
3,Chinese (Traditional),Suicide and Self Harm,9,high
3,Chinese (Traditional),Threat,4,high
3,Chinese (Traditional),Unauthorized Advice,5,high
3,Chinese (Traditional),Violence,8,high
3,Croatian,Controlled/Regulated Substances,9,low
3,Croatian,Copyright/Trademark/Plagiarism,8,low
3,Croatian,Criminal Planning/Confessions,9,low
3,Croatian,Fraud/Deception,9,low
3,Croatian,Guns and Illegal Weapons,9,low
3,Croatian,Harassment,9,low
3,Croatian,Hate/Identity Hate,9,low
3,Croatian,High Risk Gov Decision Making,7,low
3,Croatian,Illegal Activity,1,low
3,Croatian,Malware,9,low
3,Croatian,PII/Privacy,9,low
3,Croatian,Political/Misinformation/Conspiracy,9,low
3,Croatian,Profanity,9,low
3,Croatian,Sexual,9,low
3,Croatian,Sexual (minor),7,low
3,Croatian,Suicide and Self Harm,9,low
3,Croatian,Threat,7,low
3,Croatian,Unauthorized Advice,8,low
3,Croatian,Violence,9,low
3,Czech,Controlled/Regulated Substances,9,medium
3,Czech,Copyright/Trademark/Plagiarism,8,medium
3,Czech,Criminal Planning/Confessions,9,medium
3,Czech,Fraud/Deception,9,medium
3,Czech,Guns and Illegal Weapons,9,medium
3,Czech,Harassment,9,medium
3,Czech,Hate/Identity Hate,9,medium
3,Czech,High Risk Gov Decision Making,6,medium
3,Czech,Illegal Activity,1,medium
3,Czech,Malware,8,medium
3,Czech,PII/Privacy,9,medium
3,Czech,Political/Misinformation/Conspiracy,9,medium
3,Czech,Profanity,9,medium
3,Czech,Sexual,9,medium
3,Czech,Sexual (minor),9,medium
3,Czech,Suicide and Self Harm,9,medium
3,Czech,Threat,7,medium
3,Czech,Unauthorized Advice,8,medium
3,Czech,Violence,9,medium
3,Danish,Controlled/Regulated Substances,9,medium
3,Danish,Copyright/Trademark/Plagiarism,8,medium
3,Danish,Criminal Planning/Confessions,9,medium
3,Danish,Fraud/Deception,9,medium
3,Danish,Guns and Illegal Weapons,9,medium
3,Danish,Harassment,9,medium
3,Danish,Hate/Identity Hate,9,medium
3,Danish,High Risk Gov Decision Making,8,medium
3,Danish,Illegal Activity,1,medium
3,Danish,Malware,9,medium
3,Danish,PII/Privacy,9,medium
3,Danish,Political/Misinformation/Conspiracy,9,medium
3,Danish,Profanity,9,medium
3,Danish,Sexual,9,medium
3,Danish,Sexual (minor),9,medium
3,Danish,Suicide and Self Harm,9,medium
3,Danish,Threat,7,medium
3,Danish,Unauthorized Advice,7,medium
3,Danish,Violence,9,medium
3,Dutch,Controlled/Regulated Substances,9,medium
3,Dutch,Copyright/Trademark/Plagiarism,6,medium
3,Dutch,Criminal Planning/Confessions,9,medium
3,Dutch,Fraud/Deception,9,medium
3,Dutch,Guns and Illegal Weapons,9,medium
3,Dutch,Harassment,9,medium
3,Dutch,Hate/Identity Hate,9,medium
3,Dutch,High Risk Gov Decision Making,6,medium
3,Dutch,Illegal Activity,1,medium
3,Dutch,Malware,8,medium
3,Dutch,PII/Privacy,9,medium
3,Dutch,Political/Misinformation/Conspiracy,9,medium
3,Dutch,Profanity,9,medium
3,Dutch,Sexual,9,medium
3,Dutch,Sexual (minor),8,medium
3,Dutch,Suicide and Self Harm,9,medium
3,Dutch,Threat,7,medium
3,Dutch,Unauthorized Advice,8,medium
3,Dutch,Violence,9,medium
3,English,Controlled/Regulated Substances,4,high
3,English,Copyright/Trademark/Plagiarism,3,high
3,English,Criminal Planning/Confessions,4,high
3,English,Fraud/Deception,3,high
3,English,Guns and Illegal Weapons,4,high
3,English,Harassment,3,high
3,English,Hate/Identity Hate,4,high
3,English,High Risk Gov Decision Making,3,high
3,English,Illegal Activity,1,high
3,English,Malware,3,high
3,English,PII/Privacy,5,high
3,English,Political/Misinformation/Conspiracy,3,high
3,English,Profanity,3,high
3,English,Sexual,6,high
3,English,Sexual (minor),3,high
3,English,Suicide and Self Harm,3,high
3,English,Threat,3,high
3,English,Unauthorized Advice,3,high
3,English,Violence,3,high
3,Estonian,Controlled/Regulated Substances,9,low
3,Estonian,Copyright/Trademark/Plagiarism,9,low
3,Estonian,Criminal Planning/Confessions,9,low
3,Estonian,Fraud/Deception,9,low
3,Estonian,Guns and Illegal Weapons,9,low
3,Estonian,Harassment,9,low
3,Estonian,Hate/Identity Hate,9,low
3,Estonian,High Risk Gov Decision Making,7,low
3,Estonian,Illegal Activity,1,low
3,Estonian,Malware,7,low
3,Estonian,PII/Privacy,9,low
3,Estonian,Political/Misinformation/Conspiracy,9,low
3,Estonian,Profanity,9,low
3,Estonian,Sexual,9,low
3,Estonian,Sexual (minor),8,low
3,Estonian,Suicide and Self Harm,9,low
3,Estonian,Threat,7,low
3,Estonian,Unauthorized Advice,7,low
3,Estonian,Violence,9,low
3,Filipino (Tagalog),Controlled/Regulated Substances,9,low
3,Filipino (Tagalog),Copyright/Trademark/Plagiarism,8,low
3,Filipino (Tagalog),Criminal Planning/Confessions,9,low
3,Filipino (Tagalog),Fraud/Deception,9,low
3,Filipino (Tagalog),Guns and Illegal Weapons,9,low
3,Filipino (Tagalog),Harassment,9,low
3,Filipino (Tagalog),Hate/Identity Hate,9,low
3,Filipino (Tagalog),High Risk Gov Decision Making,7,low
3,Filipino (Tagalog),Illegal Activity,1,low
3,Filipino (Tagalog),Malware,9,low
3,Filipino (Tagalog),PII/Privacy,9,low
3,Filipino (Tagalog),Political/Misinformation/Conspiracy,9,low
3,Filipino (Tagalog),Profanity,9,low
3,Filipino (Tagalog),Sexual,9,low
3,Filipino (Tagalog),Sexual (minor),8,low
3,Filipino (Tagalog),Suicide and Self Harm,9,low
3,Filipino (Tagalog),Threat,8,low
3,Filipino (Tagalog),Unauthorized Advice,8,low
3,Filipino (Tagalog),Violence,9,low
3,Finnish,Controlled/Regulated Substances,9,medium
3,Finnish,Copyright/Trademark/Plagiarism,9,medium
3,Finnish,Criminal Planning/Confessions,9,medium
3,Finnish,Fraud/Deception,9,medium
3,Finnish,Guns and Illegal Weapons,9,medium
3,Finnish,Harassment,9,medium
3,Finnish,Hate/Identity Hate,9,medium
3,Finnish,High Risk Gov Decision Making,6,medium
3,Finnish,Illegal Activity,1,medium
3,Finnish,Malware,7,medium
3,Finnish,PII/Privacy,9,medium
3,Finnish,Political/Misinformation/Conspiracy,9,medium
3,Finnish,Profanity,9,medium
3,Finnish,Sexual,9,medium
3,Finnish,Sexual (minor),6,medium
3,Finnish,Suicide and Self Harm,9,medium
3,Finnish,Threat,7,medium
3,Finnish,Unauthorized Advice,7,medium
3,Finnish,Violence,9,medium
3,French,Controlled/Regulated Substances,9,high
3,French,Copyright/Trademark/Plagiarism,9,high
3,French,Criminal Planning/Confessions,9,high
3,French,Fraud/Deception,9,high
3,French,Guns and Illegal Weapons,9,high
3,French,Harassment,9,high
3,French,Hate/Identity Hate,9,high
3,French,High Risk Gov Decision Making,7,high
3,French,Illegal Activity,1,high
3,French,Malware,9,high
3,French,PII/Privacy,9,high
3,French,Political/Misinformation/Conspiracy,9,high
3,French,Profanity,9,high
3,French,Sexual,9,high
3,French,Sexual (minor),9,high
3,French,Suicide and Self Harm,9,high
3,French,Threat,8,high
3,French,Unauthorized Advice,6,high
3,French,Violence,9,high
3,Fula,Controlled/Regulated Substances,12,low
3,Fula,Copyright/Trademark/Plagiarism,3,low
3,Fula,Criminal Planning/Confessions,12,low
3,Fula,Fraud/Deception,5,low
3,Fula,Guns and Illegal Weapons,12,low
3,Fula,Harassment,12,low
3,Fula,Hate/Identity Hate,12,low
3,Fula,High Risk Gov Decision Making,4,low
3,Fula,Illegal Activity,1,low
3,Fula,Malware,3,low
3,Fula,PII/Privacy,12,low
3,Fula,Political/Misinformation/Conspiracy,7,low
3,Fula,Profanity,7,low
3,Fula,Sexual,12,low
3,Fula,Sexual (minor),3,low
3,Fula,Suicide and Self Harm,8,low
3,Fula,Threat,4,low
3,Fula,Unauthorized Advice,4,low
3,Fula,Violence,12,low
3,Galician,Controlled/Regulated Substances,9,low
3,Galician,Copyright/Trademark/Plagiarism,9,low
3,Galician,Criminal Planning/Confessions,9,low
3,Galician,Fraud/Deception,9,low
3,Galician,Guns and Illegal Weapons,9,low
3,Galician,Harassment,9,low
3,Galician,Hate/Identity Hate,9,low
3,Galician,High Risk Gov Decision Making,8,low
3,Galician,Illegal Activity,1,low
3,Galician,Malware,9,low
3,Galician,PII/Privacy,9,low
3,Galician,Political/Misinformation/Conspiracy,9,low
3,Galician,Profanity,9,low
3,Galician,Sexual,9,low
3,Galician,Sexual (minor),9,low
3,Galician,Suicide and Self Harm,9,low
3,Galician,Threat,7,low
3,Galician,Unauthorized Advice,8,low
3,Galician,Violence,9,low
3,Ganda,Controlled/Regulated Substances,12,low
3,Ganda,Copyright/Trademark/Plagiarism,7,low
3,Ganda,Criminal Planning/Confessions,12,low
3,Ganda,Fraud/Deception,10,low
3,Ganda,Guns and Illegal Weapons,11,low
3,Ganda,Harassment,12,low
3,Ganda,Hate/Identity Hate,12,low
3,Ganda,High Risk Gov Decision Making,5,low
3,Ganda,Illegal Activity,1,low
3,Ganda,Malware,4,low
3,Ganda,PII/Privacy,12,low
3,Ganda,Political/Misinformation/Conspiracy,10,low
3,Ganda,Profanity,12,low
3,Ganda,Sexual,12,low
3,Ganda,Sexual (minor),5,low
3,Ganda,Suicide and Self Harm,10,low
3,Ganda,Threat,4,low
3,Ganda,Unauthorized Advice,7,low
3,Ganda,Violence,12,low
3,Georgian,Controlled/Regulated Substances,9,low
3,Georgian,Copyright/Trademark/Plagiarism,6,low
3,Georgian,Criminal Planning/Confessions,9,low
3,Georgian,Fraud/Deception,5,low
3,Georgian,Guns and Illegal Weapons,6,low
3,Georgian,Harassment,8,low
3,Georgian,Hate/Identity Hate,9,low
3,Georgian,High Risk Gov Decision Making,4,low
3,Georgian,Illegal Activity,1,low
3,Georgian,Malware,4,low
3,Georgian,PII/Privacy,8,low
3,Georgian,Political/Misinformation/Conspiracy,9,low
3,Georgian,Profanity,5,low
3,Georgian,Sexual,9,low
3,Georgian,Sexual (minor),4,low
3,Georgian,Suicide and Self Harm,6,low
3,Georgian,Threat,3,low
3,Georgian,Unauthorized Advice,4,low
3,Georgian,Violence,7,low
3,German,Controlled/Regulated Substances,9,high
3,German,Copyright/Trademark/Plagiarism,7,high
3,German,Criminal Planning/Confessions,9,high
3,German,Fraud/Deception,9,high
3,German,Guns and Illegal Weapons,9,high
3,German,Harassment,9,high
3,German,Hate/Identity Hate,9,high
3,German,High Risk Gov Decision Making,6,high
3,German,Illegal Activity,1,high
3,German,Malware,9,high
3,German,PII/Privacy,9,high
3,German,Political/Misinformation/Conspiracy,9,high
3,German,Profanity,9,high
3,German,Sexual,9,high
3,German,Sexual (minor),9,high
3,German,Suicide and Self Harm,9,high
3,German,Threat,7,high
3,German,Unauthorized Advice,8,high
3,German,Violence,9,high
3,Greek,Controlled/Regulated Substances,9,medium
3,Greek,Copyright/Trademark/Plagiarism,9,medium
3,Greek,Criminal Planning/Confessions,9,medium
3,Greek,Fraud/Deception,9,medium
3,Greek,Guns and Illegal Weapons,9,medium
3,Greek,Harassment,9,medium
3,Greek,Hate/Identity Hate,9,medium
3,Greek,High Risk Gov Decision Making,8,medium
3,Greek,Illegal Activity,1,medium
3,Greek,Malware,9,medium
3,Greek,PII/Privacy,9,medium
3,Greek,Political/Misinformation/Conspiracy,9,medium
3,Greek,Profanity,9,medium
3,Greek,Sexual,9,medium
3,Greek,Sexual (minor),7,medium
3,Greek,Suicide and Self Harm,9,medium
3,Greek,Threat,7,medium
3,Greek,Unauthorized Advice,8,medium
3,Greek,Violence,9,medium
3,Gujarati,Controlled/Regulated Substances,9,low
3,Gujarati,Copyright/Trademark/Plagiarism,8,low
3,Gujarati,Criminal Planning/Confessions,9,low
3,Gujarati,Fraud/Deception,9,low
3,Gujarati,Guns and Illegal Weapons,9,low
3,Gujarati,Harassment,9,low
3,Gujarati,Hate/Identity Hate,10,low
3,Gujarati,High Risk Gov Decision Making,6,low
3,Gujarati,Illegal Activity,1,low
3,Gujarati,Malware,9,low
3,Gujarati,PII/Privacy,9,low
3,Gujarati,Political/Misinformation/Conspiracy,9,low
3,Gujarati,Profanity,9,low
3,Gujarati,Sexual,9,low
3,Gujarati,Sexual (minor),8,low
3,Gujarati,Suicide and Self Harm,9,low
3,Gujarati,Threat,8,low
3,Gujarati,Unauthorized Advice,8,low
3,Gujarati,Violence,9,low
3,Hausa,Controlled/Regulated Substances,7,low
3,Hausa,Copyright/Trademark/Plagiarism,4,low
3,Hausa,Criminal Planning/Confessions,7,low
3,Hausa,Fraud/Deception,5,low
3,Hausa,Guns and Illegal Weapons,6,low
3,Hausa,Harassment,6,low
3,Hausa,Hate/Identity Hate,7,low
3,Hausa,High Risk Gov Decision Making,5,low
3,Hausa,Illegal Activity,1,low
3,Hausa,Malware,3,low
3,Hausa,PII/Privacy,7,low
3,Hausa,Political/Misinformation/Conspiracy,6,low
3,Hausa,Profanity,5,low
3,Hausa,Sexual,6,low
3,Hausa,Sexual (minor),3,low
3,Hausa,Suicide and Self Harm,5,low
3,Hausa,Threat,3,low
3,Hausa,Unauthorized Advice,3,low
3,Hausa,Violence,6,low
3,Hebrew,Controlled/Regulated Substances,9,medium
3,Hebrew,Copyright/Trademark/Plagiarism,8,medium
3,Hebrew,Criminal Planning/Confessions,9,medium
3,Hebrew,Fraud/Deception,9,medium
3,Hebrew,Guns and Illegal Weapons,9,medium
3,Hebrew,Harassment,9,medium
3,Hebrew,Hate/Identity Hate,9,medium
3,Hebrew,High Risk Gov Decision Making,6,medium
3,Hebrew,Illegal Activity,1,medium
3,Hebrew,Malware,9,medium
3,Hebrew,PII/Privacy,9,medium
3,Hebrew,Political/Misinformation/Conspiracy,9,medium
3,Hebrew,Profanity,9,medium
3,Hebrew,Sexual,9,medium
3,Hebrew,Sexual (minor),7,medium
3,Hebrew,Suicide and Self Harm,9,medium
3,Hebrew,Threat,7,medium
3,Hebrew,Unauthorized Advice,8,medium
3,Hebrew,Violence,9,medium
3,Hindi,Controlled/Regulated Substances,9,medium
3,Hindi,Copyright/Trademark/Plagiarism,8,medium
3,Hindi,Criminal Planning/Confessions,9,medium
3,Hindi,Fraud/Deception,9,medium
3,Hindi,Guns and Illegal Weapons,9,medium
3,Hindi,Harassment,9,medium
3,Hindi,Hate/Identity Hate,9,medium
3,Hindi,High Risk Gov Decision Making,8,medium
3,Hindi,Illegal Activity,1,medium
3,Hindi,Malware,8,medium
3,Hindi,PII/Privacy,9,medium
3,Hindi,Political/Misinformation/Conspiracy,9,medium
3,Hindi,Profanity,9,medium
3,Hindi,Sexual,9,medium
3,Hindi,Sexual (minor),7,medium
3,Hindi,Suicide and Self Harm,9,medium
3,Hindi,Threat,7,medium
3,Hindi,Unauthorized Advice,9,medium
3,Hindi,Violence,9,medium
3,Hungarian,Controlled/Regulated Substances,9,low
3,Hungarian,Copyright/Trademark/Plagiarism,8,low
3,Hungarian,Criminal Planning/Confessions,9,low
3,Hungarian,Fraud/Deception,9,low
3,Hungarian,Guns and Illegal Weapons,9,low
3,Hungarian,Harassment,9,low
3,Hungarian,Hate/Identity Hate,9,low
3,Hungarian,High Risk Gov Decision Making,6,low
3,Hungarian,Illegal Activity,1,low
3,Hungarian,Malware,7,low
3,Hungarian,PII/Privacy,9,low
3,Hungarian,Political/Misinformation/Conspiracy,9,low
3,Hungarian,Profanity,9,low
3,Hungarian,Sexual,9,low
3,Hungarian,Sexual (minor),7,low
3,Hungarian,Suicide and Self Harm,9,low
3,Hungarian,Threat,8,low
3,Hungarian,Unauthorized Advice,6,low
3,Hungarian,Violence,9,low
3,Icelandic,Controlled/Regulated Substances,9,low
3,Icelandic,Copyright/Trademark/Plagiarism,7,low
3,Icelandic,Criminal Planning/Confessions,9,low
3,Icelandic,Fraud/Deception,9,low
3,Icelandic,Guns and Illegal Weapons,9,low
3,Icelandic,Harassment,9,low
3,Icelandic,Hate/Identity Hate,9,low
3,Icelandic,High Risk Gov Decision Making,5,low
3,Icelandic,Illegal Activity,1,low
3,Icelandic,Malware,6,low
3,Icelandic,PII/Privacy,9,low
3,Icelandic,Political/Misinformation/Conspiracy,9,low
3,Icelandic,Profanity,8,low
3,Icelandic,Sexual,9,low
3,Icelandic,Sexual (minor),5,low
3,Icelandic,Suicide and Self Harm,9,low
3,Icelandic,Threat,6,low
3,Icelandic,Unauthorized Advice,8,low
3,Icelandic,Violence,9,low
3,Igbo,Controlled/Regulated Substances,12,low
3,Igbo,Copyright/Trademark/Plagiarism,10,low
3,Igbo,Criminal Planning/Confessions,12,low
3,Igbo,Fraud/Deception,12,low
3,Igbo,Guns and Illegal Weapons,12,low
3,Igbo,Harassment,12,low
3,Igbo,Hate/Identity Hate,12,low
3,Igbo,High Risk Gov Decision Making,6,low
3,Igbo,Illegal Activity,1,low
3,Igbo,Malware,8,low
3,Igbo,PII/Privacy,12,low
3,Igbo,Political/Misinformation/Conspiracy,12,low
3,Igbo,Profanity,12,low
3,Igbo,Sexual,12,low
3,Igbo,Sexual (minor),4,low
3,Igbo,Suicide and Self Harm,12,low
3,Igbo,Threat,5,low
3,Igbo,Unauthorized Advice,6,low
3,Igbo,Violence,12,low
3,Indonesian,Controlled/Regulated Substances,9,medium
3,Indonesian,Copyright/Trademark/Plagiarism,9,medium
3,Indonesian,Criminal Planning/Confessions,9,medium
3,Indonesian,Fraud/Deception,9,medium
3,Indonesian,Guns and Illegal Weapons,9,medium
3,Indonesian,Harassment,9,medium
3,Indonesian,Hate/Identity Hate,9,medium
3,Indonesian,High Risk Gov Decision Making,8,medium
3,Indonesian,Illegal Activity,1,medium
3,Indonesian,Malware,9,medium
3,Indonesian,PII/Privacy,9,medium
3,Indonesian,Political/Misinformation/Conspiracy,9,medium
3,Indonesian,Profanity,9,medium
3,Indonesian,Sexual,9,medium
3,Indonesian,Sexual (minor),9,medium
3,Indonesian,Suicide and Self Harm,9,medium
3,Indonesian,Threat,7,medium
3,Indonesian,Unauthorized Advice,9,medium
3,Indonesian,Violence,9,medium
3,Irish,Controlled/Regulated Substances,9,low
3,Irish,Copyright/Trademark/Plagiarism,8,low
3,Irish,Criminal Planning/Confessions,9,low
3,Irish,Fraud/Deception,8,low
3,Irish,Guns and Illegal Weapons,9,low
3,Irish,Harassment,9,low
3,Irish,Hate/Identity Hate,9,low
3,Irish,High Risk Gov Decision Making,7,low
3,Irish,Illegal Activity,1,low
3,Irish,Malware,7,low
3,Irish,PII/Privacy,9,low
3,Irish,Political/Misinformation/Conspiracy,9,low
3,Irish,Profanity,9,low
3,Irish,Sexual,9,low
3,Irish,Sexual (minor),8,low
3,Irish,Suicide and Self Harm,9,low
3,Irish,Threat,7,low
3,Irish,Unauthorized Advice,8,low
3,Irish,Violence,9,low
3,Italian,Controlled/Regulated Substances,9,high
3,Italian,Copyright/Trademark/Plagiarism,9,high
3,Italian,Criminal Planning/Confessions,9,high
3,Italian,Fraud/Deception,9,high
3,Italian,Guns and Illegal Weapons,9,high
3,Italian,Harassment,9,high
3,Italian,Hate/Identity Hate,9,high
3,Italian,High Risk Gov Decision Making,8,high
3,Italian,Illegal Activity,1,high
3,Italian,Malware,8,high
3,Italian,PII/Privacy,9,high
3,Italian,Political/Misinformation/Conspiracy,9,high
3,Italian,Profanity,9,high
3,Italian,Sexual,9,high
3,Italian,Sexual (minor),8,high
3,Italian,Suicide and Self Harm,9,high
3,Italian,Threat,6,high
3,Italian,Unauthorized Advice,7,high
3,Italian,Violence,9,high
3,Japanese,Controlled/Regulated Substances,9,high
3,Japanese,Copyright/Trademark/Plagiarism,5,high
3,Japanese,Criminal Planning/Confessions,9,high
3,Japanese,Fraud/Deception,8,high
3,Japanese,Guns and Illegal Weapons,9,high
3,Japanese,Harassment,9,high
3,Japanese,Hate/Identity Hate,9,high
3,Japanese,High Risk Gov Decision Making,4,high
3,Japanese,Illegal Activity,1,high
3,Japanese,Malware,4,high
3,Japanese,PII/Privacy,9,high
3,Japanese,Political/Misinformation/Conspiracy,9,high
3,Japanese,Profanity,9,high
3,Japanese,Sexual,9,high
3,Japanese,Sexual (minor),5,high
3,Japanese,Suicide and Self Harm,9,high
3,Japanese,Threat,3,high
3,Japanese,Unauthorized Advice,5,high
3,Japanese,Violence,9,high
3,Javanese,Controlled/Regulated Substances,9,low
3,Javanese,Copyright/Trademark/Plagiarism,7,low
3,Javanese,Criminal Planning/Confessions,9,low
3,Javanese,Fraud/Deception,8,low
3,Javanese,Guns and Illegal Weapons,9,low
3,Javanese,Harassment,9,low
3,Javanese,Hate/Identity Hate,9,low
3,Javanese,High Risk Gov Decision Making,7,low
3,Javanese,Illegal Activity,1,low
3,Javanese,Malware,6,low
3,Javanese,PII/Privacy,9,low
3,Javanese,Political/Misinformation/Conspiracy,9,low
3,Javanese,Profanity,8,low
3,Javanese,Sexual,9,low
3,Javanese,Sexual (minor),6,low
3,Javanese,Suicide and Self Harm,9,low
3,Javanese,Threat,7,low
3,Javanese,Unauthorized Advice,7,low
3,Javanese,Violence,9,low
3,Kannada,Controlled/Regulated Substances,9,low
3,Kannada,Copyright/Trademark/Plagiarism,8,low
3,Kannada,Criminal Planning/Confessions,9,low
3,Kannada,Fraud/Deception,9,low
3,Kannada,Guns and Illegal Weapons,9,low
3,Kannada,Harassment,9,low
3,Kannada,Hate/Identity Hate,9,low
3,Kannada,High Risk Gov Decision Making,7,low
3,Kannada,Illegal Activity,1,low
3,Kannada,Malware,9,low
3,Kannada,PII/Privacy,9,low
3,Kannada,Political/Misinformation/Conspiracy,9,low
3,Kannada,Profanity,9,low
3,Kannada,Sexual,9,low
3,Kannada,Sexual (minor),8,low
3,Kannada,Suicide and Self Harm,9,low
3,Kannada,Threat,7,low
3,Kannada,Unauthorized Advice,8,low
3,Kannada,Violence,9,low
3,Kazakh,Controlled/Regulated Substances,9,low
3,Kazakh,Copyright/Trademark/Plagiarism,7,low
3,Kazakh,Criminal Planning/Confessions,9,low
3,Kazakh,Fraud/Deception,9,low
3,Kazakh,Guns and Illegal Weapons,9,low
3,Kazakh,Harassment,9,low
3,Kazakh,Hate/Identity Hate,9,low
3,Kazakh,High Risk Gov Decision Making,5,low
3,Kazakh,Illegal Activity,1,low
3,Kazakh,Malware,7,low
3,Kazakh,PII/Privacy,9,low
3,Kazakh,Political/Misinformation/Conspiracy,9,low
3,Kazakh,Profanity,9,low
3,Kazakh,Sexual,9,low
3,Kazakh,Sexual (minor),5,low
3,Kazakh,Suicide and Self Harm,9,low
3,Kazakh,Threat,6,low
3,Kazakh,Unauthorized Advice,7,low
3,Kazakh,Violence,9,low
3,Khmer,Controlled/Regulated Substances,9,low
3,Khmer,Copyright/Trademark/Plagiarism,8,low
3,Khmer,Criminal Planning/Confessions,9,low
3,Khmer,Fraud/Deception,9,low
3,Khmer,Guns and Illegal Weapons,9,low
3,Khmer,Harassment,9,low
3,Khmer,Hate/Identity Hate,9,low
3,Khmer,High Risk Gov Decision Making,7,low
3,Khmer,Illegal Activity,1,low
3,Khmer,Malware,8,low
3,Khmer,PII/Privacy,9,low
3,Khmer,Political/Misinformation/Conspiracy,9,low
3,Khmer,Profanity,9,low
3,Khmer,Sexual,9,low
3,Khmer,Sexual (minor),4,low
3,Khmer,Suicide and Self Harm,9,low
3,Khmer,Threat,5,low
3,Khmer,Unauthorized Advice,6,low
3,Khmer,Violence,9,low
3,Korean,Controlled/Regulated Substances,9,high
3,Korean,Copyright/Trademark/Plagiarism,7,high
3,Korean,Criminal Planning/Confessions,9,high
3,Korean,Fraud/Deception,9,high
3,Korean,Guns and Illegal Weapons,9,high
3,Korean,Harassment,9,high
3,Korean,Hate/Identity Hate,9,high
3,Korean,High Risk Gov Decision Making,3,high
3,Korean,Illegal Activity,1,high
3,Korean,Malware,7,high
3,Korean,PII/Privacy,9,high
3,Korean,Political/Misinformation/Conspiracy,9,high
3,Korean,Profanity,9,high
3,Korean,Sexual,9,high
3,Korean,Sexual (minor),4,high
3,Korean,Suicide and Self Harm,9,high
3,Korean,Threat,5,high
3,Korean,Unauthorized Advice,6,high
3,Korean,Violence,9,high
3,Kyrgyz,Controlled/Regulated Substances,9,low
3,Kyrgyz,Copyright/Trademark/Plagiarism,6,low
3,Kyrgyz,Criminal Planning/Confessions,9,low
3,Kyrgyz,Fraud/Deception,8,low
3,Kyrgyz,Guns and Illegal Weapons,9,low
3,Kyrgyz,Harassment,9,low
3,Kyrgyz,Hate/Identity Hate,9,low
3,Kyrgyz,High Risk Gov Decision Making,4,low
3,Kyrgyz,Illegal Activity,1,low
3,Kyrgyz,Malware,6,low
3,Kyrgyz,PII/Privacy,9,low
3,Kyrgyz,Political/Misinformation/Conspiracy,9,low
3,Kyrgyz,Profanity,8,low
3,Kyrgyz,Sexual,9,low
3,Kyrgyz,Sexual (minor),5,low
3,Kyrgyz,Suicide and Self Harm,9,low
3,Kyrgyz,Threat,5,low
3,Kyrgyz,Unauthorized Advice,5,low
3,Kyrgyz,Violence,9,low
3,Lao,Controlled/Regulated Substances,9,low
3,Lao,Copyright/Trademark/Plagiarism,8,low
3,Lao,Criminal Planning/Confessions,9,low
3,Lao,Fraud/Deception,9,low
3,Lao,Guns and Illegal Weapons,9,low
3,Lao,Harassment,9,low
3,Lao,Hate/Identity Hate,9,low
3,Lao,High Risk Gov Decision Making,6,low
3,Lao,Illegal Activity,1,low
3,Lao,Malware,6,low
3,Lao,PII/Privacy,9,low
3,Lao,Political/Misinformation/Conspiracy,9,low
3,Lao,Profanity,9,low
3,Lao,Sexual,9,low
3,Lao,Sexual (minor),7,low
3,Lao,Suicide and Self Harm,9,low
3,Lao,Threat,7,low
3,Lao,Unauthorized Advice,6,low
3,Lao,Violence,9,low
3,Latvian,Controlled/Regulated Substances,9,low
3,Latvian,Copyright/Trademark/Plagiarism,8,low
3,Latvian,Criminal Planning/Confessions,9,low
3,Latvian,Fraud/Deception,9,low
3,Latvian,Guns and Illegal Weapons,9,low
3,Latvian,Harassment,9,low
3,Latvian,Hate/Identity Hate,9,low
3,Latvian,High Risk Gov Decision Making,6,low
3,Latvian,Illegal Activity,1,low
3,Latvian,Malware,6,low
3,Latvian,PII/Privacy,9,low
3,Latvian,Political/Misinformation/Conspiracy,9,low
3,Latvian,Profanity,9,low
3,Latvian,Sexual,9,low
3,Latvian,Sexual (minor),6,low
3,Latvian,Suicide and Self Harm,9,low
3,Latvian,Threat,6,low
3,Latvian,Unauthorized Advice,8,low
3,Latvian,Violence,9,low
3,Lingala,Controlled/Regulated Substances,12,low
3,Lingala,Copyright/Trademark/Plagiarism,10,low
3,Lingala,Criminal Planning/Confessions,12,low
3,Lingala,Fraud/Deception,11,low
3,Lingala,Guns and Illegal Weapons,12,low
3,Lingala,Harassment,12,low
3,Lingala,Hate/Identity Hate,12,low
3,Lingala,High Risk Gov Decision Making,6,low
3,Lingala,Illegal Activity,1,low
3,Lingala,Malware,6,low
3,Lingala,PII/Privacy,12,low
3,Lingala,Political/Misinformation/Conspiracy,12,low
3,Lingala,Profanity,9,low
3,Lingala,Sexual,12,low
3,Lingala,Sexual (minor),4,low
3,Lingala,Suicide and Self Harm,11,low
3,Lingala,Threat,5,low
3,Lingala,Unauthorized Advice,6,low
3,Lingala,Violence,12,low
3,Lithuanian,Controlled/Regulated Substances,9,low
3,Lithuanian,Copyright/Trademark/Plagiarism,6,low
3,Lithuanian,Criminal Planning/Confessions,9,low
3,Lithuanian,Fraud/Deception,9,low
3,Lithuanian,Guns and Illegal Weapons,9,low
3,Lithuanian,Harassment,9,low
3,Lithuanian,Hate/Identity Hate,9,low
3,Lithuanian,High Risk Gov Decision Making,7,low
3,Lithuanian,Illegal Activity,1,low
3,Lithuanian,Malware,8,low
3,Lithuanian,PII/Privacy,9,low
3,Lithuanian,Political/Misinformation/Conspiracy,9,low
3,Lithuanian,Profanity,9,low
3,Lithuanian,Sexual,9,low
3,Lithuanian,Sexual (minor),7,low
3,Lithuanian,Suicide and Self Harm,9,low
3,Lithuanian,Threat,6,low
3,Lithuanian,Unauthorized Advice,7,low
3,Lithuanian,Violence,9,low
3,Luo,Controlled/Regulated Substances,12,low
3,Luo,Copyright/Trademark/Plagiarism,7,low
3,Luo,Criminal Planning/Confessions,12,low
3,Luo,Fraud/Deception,8,low
3,Luo,Guns and Illegal Weapons,12,low
3,Luo,Harassment,12,low
3,Luo,Hate/Identity Hate,12,low
3,Luo,High Risk Gov Decision Making,4,low
3,Luo,Illegal Activity,1,low
3,Luo,Malware,5,low
3,Luo,PII/Privacy,12,low
3,Luo,Political/Misinformation/Conspiracy,9,low
3,Luo,Profanity,8,low
3,Luo,Sexual,12,low
3,Luo,Sexual (minor),4,low
3,Luo,Suicide and Self Harm,8,low
3,Luo,Threat,4,low
3,Luo,Unauthorized Advice,4,low
3,Luo,Violence,11,low
3,Luxembourgish,Controlled/Regulated Substances,12,low
3,Luxembourgish,Copyright/Trademark/Plagiarism,11,low
3,Luxembourgish,Criminal Planning/Confessions,12,low
3,Luxembourgish,Fraud/Deception,12,low
3,Luxembourgish,Guns and Illegal Weapons,12,low
3,Luxembourgish,Harassment,12,low
3,Luxembourgish,Hate/Identity Hate,12,low
3,Luxembourgish,High Risk Gov Decision Making,6,low
3,Luxembourgish,Illegal Activity,1,low
3,Luxembourgish,Malware,11,low
3,Luxembourgish,PII/Privacy,12,low
3,Luxembourgish,Political/Misinformation/Conspiracy,12,low
3,Luxembourgish,Profanity,12,low
3,Luxembourgish,Sexual,12,low
3,Luxembourgish,Sexual (minor),9,low
3,Luxembourgish,Suicide and Self Harm,12,low
3,Luxembourgish,Threat,8,low
3,Luxembourgish,Unauthorized Advice,8,low
3,Luxembourgish,Violence,12,low
3,Macedonian,Controlled/Regulated Substances,9,low
3,Macedonian,Copyright/Trademark/Plagiarism,7,low
3,Macedonian,Criminal Planning/Confessions,9,low
3,Macedonian,Fraud/Deception,9,low
3,Macedonian,Guns and Illegal Weapons,9,low
3,Macedonian,Harassment,9,low
3,Macedonian,Hate/Identity Hate,9,low
3,Macedonian,High Risk Gov Decision Making,5,low
3,Macedonian,Illegal Activity,1,low
3,Macedonian,Malware,9,low
3,Macedonian,PII/Privacy,9,low
3,Macedonian,Political/Misinformation/Conspiracy,9,low
3,Macedonian,Profanity,9,low
3,Macedonian,Sexual,9,low
3,Macedonian,Sexual (minor),6,low
3,Macedonian,Suicide and Self Harm,9,low
3,Macedonian,Threat,8,low
3,Macedonian,Unauthorized Advice,8,low
3,Macedonian,Violence,9,low
3,Malay,Controlled/Regulated Substances,9,medium
3,Malay,Copyright/Trademark/Plagiarism,8,medium
3,Malay,Criminal Planning/Confessions,9,medium
3,Malay,Fraud/Deception,9,medium
3,Malay,Guns and Illegal Weapons,9,medium
3,Malay,Harassment,9,medium
3,Malay,Hate/Identity Hate,9,medium
3,Malay,High Risk Gov Decision Making,6,medium
3,Malay,Illegal Activity,1,medium
3,Malay,Malware,7,medium
3,Malay,PII/Privacy,9,medium
3,Malay,Political/Misinformation/Conspiracy,9,medium
3,Malay,Profanity,9,medium
3,Malay,Sexual,9,medium
3,Malay,Sexual (minor),9,medium
3,Malay,Suicide and Self Harm,9,medium
3,Malay,Threat,8,medium
3,Malay,Unauthorized Advice,8,medium
3,Malay,Violence,9,medium
3,Malayalam,Controlled/Regulated Substances,9,low
3,Malayalam,Copyright/Trademark/Plagiarism,9,low
3,Malayalam,Criminal Planning/Confessions,9,low
3,Malayalam,Fraud/Deception,9,low
3,Malayalam,Guns and Illegal Weapons,9,low
3,Malayalam,Harassment,9,low
3,Malayalam,Hate/Identity Hate,9,low
3,Malayalam,High Risk Gov Decision Making,6,low
3,Malayalam,Illegal Activity,1,low
3,Malayalam,Malware,8,low
3,Malayalam,PII/Privacy,9,low
3,Malayalam,Political/Misinformation/Conspiracy,9,low
3,Malayalam,Profanity,9,low
3,Malayalam,Sexual,9,low
3,Malayalam,Sexual (minor),6,low
3,Malayalam,Suicide and Self Harm,9,low
3,Malayalam,Threat,7,low
3,Malayalam,Unauthorized Advice,5,low
3,Malayalam,Violence,9,low
3,Maltese,Controlled/Regulated Substances,12,low
3,Maltese,Copyright/Trademark/Plagiarism,11,low
3,Maltese,Criminal Planning/Confessions,12,low
3,Maltese,Fraud/Deception,12,low
3,Maltese,Guns and Illegal Weapons,12,low
3,Maltese,Harassment,12,low
3,Maltese,Hate/Identity Hate,12,low
3,Maltese,High Risk Gov Decision Making,8,low
3,Maltese,Illegal Activity,1,low
3,Maltese,Malware,11,low
3,Maltese,PII/Privacy,12,low
3,Maltese,Political/Misinformation/Conspiracy,12,low
3,Maltese,Profanity,12,low
3,Maltese,Sexual,12,low
3,Maltese,Sexual (minor),8,low
3,Maltese,Suicide and Self Harm,12,low
3,Maltese,Threat,6,low
3,Maltese,Unauthorized Advice,10,low
3,Maltese,Violence,12,low
3,Maori,Controlled/Regulated Substances,12,low
3,Maori,Copyright/Trademark/Plagiarism,12,low
3,Maori,Criminal Planning/Confessions,12,low
3,Maori,Fraud/Deception,9,low
3,Maori,Guns and Illegal Weapons,12,low
3,Maori,Harassment,12,low
3,Maori,Hate/Identity Hate,12,low
3,Maori,High Risk Gov Decision Making,7,low
3,Maori,Illegal Activity,1,low
3,Maori,Malware,6,low
3,Maori,PII/Privacy,12,low
3,Maori,Political/Misinformation/Conspiracy,11,low
3,Maori,Profanity,12,low
3,Maori,Sexual,12,low
3,Maori,Sexual (minor),6,low
3,Maori,Suicide and Self Harm,12,low
3,Maori,Threat,7,low
3,Maori,Unauthorized Advice,6,low
3,Maori,Violence,12,low
3,Marathi,Controlled/Regulated Substances,9,low
3,Marathi,Copyright/Trademark/Plagiarism,6,low
3,Marathi,Criminal Planning/Confessions,9,low
3,Marathi,Fraud/Deception,8,low
3,Marathi,Guns and Illegal Weapons,9,low
3,Marathi,Harassment,9,low
3,Marathi,Hate/Identity Hate,9,low
3,Marathi,High Risk Gov Decision Making,6,low
3,Marathi,Illegal Activity,1,low
3,Marathi,Malware,7,low
3,Marathi,PII/Privacy,9,low
3,Marathi,Political/Misinformation/Conspiracy,9,low
3,Marathi,Profanity,9,low
3,Marathi,Sexual,9,low
3,Marathi,Sexual (minor),6,low
3,Marathi,Suicide and Self Harm,9,low
3,Marathi,Threat,6,low
3,Marathi,Unauthorized Advice,7,low
3,Marathi,Violence,9,low
3,Mongolian,Controlled/Regulated Substances,9,low
3,Mongolian,Copyright/Trademark/Plagiarism,6,low
3,Mongolian,Criminal Planning/Confessions,9,low
3,Mongolian,Fraud/Deception,8,low
3,Mongolian,Guns and Illegal Weapons,9,low
3,Mongolian,Harassment,9,low
3,Mongolian,Hate/Identity Hate,9,low
3,Mongolian,High Risk Gov Decision Making,6,low
3,Mongolian,Illegal Activity,1,low
3,Mongolian,Malware,4,low
3,Mongolian,PII/Privacy,9,low
3,Mongolian,Political/Misinformation/Conspiracy,9,low
3,Mongolian,Profanity,8,low
3,Mongolian,Sexual,9,low
3,Mongolian,Sexual (minor),6,low
3,Mongolian,Suicide and Self Harm,9,low
3,Mongolian,Threat,3,low
3,Mongolian,Unauthorized Advice,7,low
3,Mongolian,Violence,9,low
3,Nepali,Controlled/Regulated Substances,10,low
3,Nepali,Copyright/Trademark/Plagiarism,9,low
3,Nepali,Criminal Planning/Confessions,10,low
3,Nepali,Fraud/Deception,9,low
3,Nepali,Guns and Illegal Weapons,9,low
3,Nepali,Harassment,10,low
3,Nepali,Hate/Identity Hate,11,low
3,Nepali,High Risk Gov Decision Making,6,low
3,Nepali,Illegal Activity,1,low
3,Nepali,Malware,8,low
3,Nepali,PII/Privacy,10,low
3,Nepali,Political/Misinformation/Conspiracy,9,low
3,Nepali,Profanity,9,low
3,Nepali,Sexual,9,low
3,Nepali,Sexual (minor),6,low
3,Nepali,Suicide and Self Harm,9,low
3,Nepali,Threat,8,low
3,Nepali,Unauthorized Advice,6,low
3,Nepali,Violence,9,low
3,Northern Sotho,Controlled/Regulated Substances,12,low
3,Northern Sotho,Copyright/Trademark/Plagiarism,10,low
3,Northern Sotho,Criminal Planning/Confessions,12,low
3,Northern Sotho,Fraud/Deception,11,low
3,Northern Sotho,Guns and Illegal Weapons,12,low
3,Northern Sotho,Harassment,12,low
3,Northern Sotho,Hate/Identity Hate,12,low
3,Northern Sotho,High Risk Gov Decision Making,5,low
3,Northern Sotho,Illegal Activity,1,low
3,Northern Sotho,Malware,7,low
3,Northern Sotho,PII/Privacy,12,low
3,Northern Sotho,Political/Misinformation/Conspiracy,12,low
3,Northern Sotho,Profanity,12,low
3,Northern Sotho,Sexual,12,low
3,Northern Sotho,Sexual (minor),5,low
3,Northern Sotho,Suicide and Self Harm,12,low
3,Northern Sotho,Threat,6,low
3,Northern Sotho,Unauthorized Advice,6,low
3,Northern Sotho,Violence,12,low
3,Norwegian,Controlled/Regulated Substances,9,medium
3,Norwegian,Copyright/Trademark/Plagiarism,6,medium
3,Norwegian,Criminal Planning/Confessions,9,medium
3,Norwegian,Fraud/Deception,9,medium
3,Norwegian,Guns and Illegal Weapons,9,medium
3,Norwegian,Harassment,9,medium
3,Norwegian,Hate/Identity Hate,9,medium
3,Norwegian,High Risk Gov Decision Making,5,medium
3,Norwegian,Illegal Activity,1,medium
3,Norwegian,Malware,9,medium
3,Norwegian,PII/Privacy,9,medium
3,Norwegian,Political/Misinformation/Conspiracy,9,medium
3,Norwegian,Profanity,9,medium
3,Norwegian,Sexual,9,medium
3,Norwegian,Sexual (minor),9,medium
3,Norwegian,Suicide and Self Harm,9,medium
3,Norwegian,Threat,6,medium
3,Norwegian,Unauthorized Advice,7,medium
3,Norwegian,Violence,9,medium
3,Nyanja,Controlled/Regulated Substances,12,low
3,Nyanja,Copyright/Trademark/Plagiarism,9,low
3,Nyanja,Criminal Planning/Confessions,12,low
3,Nyanja,Fraud/Deception,10,low
3,Nyanja,Guns and Illegal Weapons,12,low
3,Nyanja,Harassment,12,low
3,Nyanja,Hate/Identity Hate,12,low
3,Nyanja,High Risk Gov Decision Making,6,low
3,Nyanja,Illegal Activity,1,low
3,Nyanja,Malware,6,low
3,Nyanja,PII/Privacy,12,low
3,Nyanja,Political/Misinformation/Conspiracy,12,low
3,Nyanja,Profanity,12,low
3,Nyanja,Sexual,12,low
3,Nyanja,Sexual (minor),7,low
3,Nyanja,Suicide and Self Harm,12,low
3,Nyanja,Threat,6,low
3,Nyanja,Unauthorized Advice,7,low
3,Nyanja,Violence,12,low
3,Occitan,Controlled/Regulated Substances,12,low
3,Occitan,Copyright/Trademark/Plagiarism,7,low
3,Occitan,Criminal Planning/Confessions,12,low
3,Occitan,Fraud/Deception,12,low
3,Occitan,Guns and Illegal Weapons,12,low
3,Occitan,Harassment,12,low
3,Occitan,Hate/Identity Hate,12,low
3,Occitan,High Risk Gov Decision Making,7,low
3,Occitan,Illegal Activity,1,low
3,Occitan,Malware,9,low
3,Occitan,PII/Privacy,12,low
3,Occitan,Political/Misinformation/Conspiracy,12,low
3,Occitan,Profanity,12,low
3,Occitan,Sexual,12,low
3,Occitan,Sexual (minor),8,low
3,Occitan,Suicide and Self Harm,12,low
3,Occitan,Threat,7,low
3,Occitan,Unauthorized Advice,8,low
3,Occitan,Violence,12,low
3,Oriya (Odia),Controlled/Regulated Substances,12,low
3,Oriya (Odia),Copyright/Trademark/Plagiarism,10,low
3,Oriya (Odia),Criminal Planning/Confessions,12,low
3,Oriya (Odia),Fraud/Deception,12,low
3,Oriya (Odia),Guns and Illegal Weapons,12,low
3,Oriya (Odia),Harassment,12,low
3,Oriya (Odia),Hate/Identity Hate,12,low
3,Oriya (Odia),High Risk Gov Decision Making,6,low
3,Oriya (Odia),Illegal Activity,1,low
3,Oriya (Odia),Malware,8,low
3,Oriya (Odia),PII/Privacy,12,low
3,Oriya (Odia),Political/Misinformation/Conspiracy,12,low
3,Oriya (Odia),Profanity,12,low
3,Oriya (Odia),Sexual,12,low
3,Oriya (Odia),Sexual (minor),6,low
3,Oriya (Odia),Suicide and Self Harm,12,low
3,Oriya (Odia),Threat,7,low
3,Oriya (Odia),Unauthorized Advice,7,low
3,Oriya (Odia),Violence,12,low
3,Oromo,Controlled/Regulated Substances,6,low
3,Oromo,Copyright/Trademark/Plagiarism,4,low
3,Oromo,Criminal Planning/Confessions,6,low
3,Oromo,Fraud/Deception,3,low
3,Oromo,Guns and Illegal Weapons,6,low
3,Oromo,Harassment,4,low
3,Oromo,Hate/Identity Hate,6,low
3,Oromo,High Risk Gov Decision Making,3,low
3,Oromo,Illegal Activity,1,low
3,Oromo,Malware,3,low
3,Oromo,PII/Privacy,6,low
3,Oromo,Political/Misinformation/Conspiracy,3,low
3,Oromo,Profanity,4,low
3,Oromo,Sexual,3,low
3,Oromo,Sexual (minor),3,low
3,Oromo,Suicide and Self Harm,3,low
3,Oromo,Threat,3,low
3,Oromo,Unauthorized Advice,3,low
3,Oromo,Violence,4,low
3,Pashto,Controlled/Regulated Substances,9,low
3,Pashto,Copyright/Trademark/Plagiarism,9,low
3,Pashto,Criminal Planning/Confessions,9,low
3,Pashto,Fraud/Deception,9,low
3,Pashto,Guns and Illegal Weapons,9,low
3,Pashto,Harassment,9,low
3,Pashto,Hate/Identity Hate,9,low
3,Pashto,High Risk Gov Decision Making,6,low
3,Pashto,Illegal Activity,1,low
3,Pashto,Malware,7,low
3,Pashto,PII/Privacy,9,low
3,Pashto,Political/Misinformation/Conspiracy,9,low
3,Pashto,Profanity,9,low
3,Pashto,Sexual,9,low
3,Pashto,Sexual (minor),7,low
3,Pashto,Suicide and Self Harm,9,low
3,Pashto,Threat,7,low
3,Pashto,Unauthorized Advice,7,low
3,Pashto,Violence,9,low
3,Persian,Controlled/Regulated Substances,9,medium
3,Persian,Copyright/Trademark/Plagiarism,9,medium
3,Persian,Criminal Planning/Confessions,9,medium
3,Persian,Fraud/Deception,9,medium
3,Persian,Guns and Illegal Weapons,9,medium
3,Persian,Harassment,9,medium
3,Persian,Hate/Identity Hate,9,medium
3,Persian,High Risk Gov Decision Making,6,medium
3,Persian,Illegal Activity,1,medium
3,Persian,Malware,8,medium
3,Persian,PII/Privacy,9,medium
3,Persian,Political/Misinformation/Conspiracy,9,medium
3,Persian,Profanity,9,medium
3,Persian,Sexual,9,medium
3,Persian,Sexual (minor),7,medium
3,Persian,Suicide and Self Harm,9,medium
3,Persian,Threat,7,medium
3,Persian,Unauthorized Advice,9,medium
3,Persian,Violence,9,medium
3,Polish,Controlled/Regulated Substances,9,medium
3,Polish,Copyright/Trademark/Plagiarism,5,medium
3,Polish,Criminal Planning/Confessions,9,medium
3,Polish,Fraud/Deception,9,medium
3,Polish,Guns and Illegal Weapons,9,medium
3,Polish,Harassment,9,medium
3,Polish,Hate/Identity Hate,9,medium
3,Polish,High Risk Gov Decision Making,7,medium
3,Polish,Illegal Activity,1,medium
3,Polish,Malware,7,medium
3,Polish,PII/Privacy,9,medium
3,Polish,Political/Misinformation/Conspiracy,9,medium
3,Polish,Profanity,9,medium
3,Polish,Sexual,9,medium
3,Polish,Sexual (minor),8,medium
3,Polish,Suicide and Self Harm,9,medium
3,Polish,Threat,8,medium
3,Polish,Unauthorized Advice,7,medium
3,Polish,Violence,9,medium
3,Portuguese,Controlled/Regulated Substances,9,high
3,Portuguese,Copyright/Trademark/Plagiarism,8,high
3,Portuguese,Criminal Planning/Confessions,9,high
3,Portuguese,Fraud/Deception,9,high
3,Portuguese,Guns and Illegal Weapons,9,high
3,Portuguese,Harassment,9,high
3,Portuguese,Hate/Identity Hate,9,high
3,Portuguese,High Risk Gov Decision Making,8,high
3,Portuguese,Illegal Activity,1,high
3,Portuguese,Malware,9,high
3,Portuguese,PII/Privacy,9,high
3,Portuguese,Political/Misinformation/Conspiracy,9,high
3,Portuguese,Profanity,9,high
3,Portuguese,Sexual,9,high
3,Portuguese,Sexual (minor),8,high
3,Portuguese,Suicide and Self Harm,9,high
3,Portuguese,Threat,6,high
3,Portuguese,Unauthorized Advice,9,high
3,Portuguese,Violence,9,high
3,Punjabi,Controlled/Regulated Substances,9,low
3,Punjabi,Copyright/Trademark/Plagiarism,9,low
3,Punjabi,Criminal Planning/Confessions,9,low
3,Punjabi,Fraud/Deception,9,low
3,Punjabi,Guns and Illegal Weapons,9,low
3,Punjabi,Harassment,9,low
3,Punjabi,Hate/Identity Hate,9,low
3,Punjabi,High Risk Gov Decision Making,6,low
3,Punjabi,Illegal Activity,1,low
3,Punjabi,Malware,8,low
3,Punjabi,PII/Privacy,9,low
3,Punjabi,Political/Misinformation/Conspiracy,9,low
3,Punjabi,Profanity,9,low
3,Punjabi,Sexual,9,low
3,Punjabi,Sexual (minor),8,low
3,Punjabi,Suicide and Self Harm,9,low
3,Punjabi,Threat,7,low
3,Punjabi,Unauthorized Advice,8,low
3,Punjabi,Violence,9,low
3,Romanian,Controlled/Regulated Substances,9,medium
3,Romanian,Copyright/Trademark/Plagiarism,9,medium
3,Romanian,Criminal Planning/Confessions,9,medium
3,Romanian,Fraud/Deception,9,medium
3,Romanian,Guns and Illegal Weapons,9,medium
3,Romanian,Harassment,9,medium
3,Romanian,Hate/Identity Hate,9,medium
3,Romanian,High Risk Gov Decision Making,8,medium
3,Romanian,Illegal Activity,1,medium
3,Romanian,Malware,9,medium
3,Romanian,PII/Privacy,9,medium
3,Romanian,Political/Misinformation/Conspiracy,9,medium
3,Romanian,Profanity,9,medium
3,Romanian,Sexual,9,medium
3,Romanian,Sexual (minor),8,medium
3,Romanian,Suicide and Self Harm,9,medium
3,Romanian,Threat,6,medium
3,Romanian,Unauthorized Advice,8,medium
3,Romanian,Violence,9,medium
3,Russian,Controlled/Regulated Substances,9,high
3,Russian,Copyright/Trademark/Plagiarism,8,high
3,Russian,Criminal Planning/Confessions,9,high
3,Russian,Fraud/Deception,9,high
3,Russian,Guns and Illegal Weapons,9,high
3,Russian,Harassment,9,high
3,Russian,Hate/Identity Hate,9,high
3,Russian,High Risk Gov Decision Making,7,high
3,Russian,Illegal Activity,1,high
3,Russian,Malware,7,high
3,Russian,PII/Privacy,9,high
3,Russian,Political/Misinformation/Conspiracy,9,high
3,Russian,Profanity,9,high
3,Russian,Sexual,9,high
3,Russian,Sexual (minor),6,high
3,Russian,Suicide and Self Harm,9,high
3,Russian,Threat,7,high
3,Russian,Unauthorized Advice,8,high
3,Russian,Violence,9,high
3,Serbian,Controlled/Regulated Substances,9,low
3,Serbian,Copyright/Trademark/Plagiarism,9,low
3,Serbian,Criminal Planning/Confessions,9,low
3,Serbian,Fraud/Deception,9,low
3,Serbian,Guns and Illegal Weapons,9,low
3,Serbian,Harassment,9,low
3,Serbian,Hate/Identity Hate,9,low
3,Serbian,High Risk Gov Decision Making,7,low
3,Serbian,Illegal Activity,1,low
3,Serbian,Malware,9,low
3,Serbian,PII/Privacy,9,low
3,Serbian,Political/Misinformation/Conspiracy,9,low
3,Serbian,Profanity,9,low
3,Serbian,Sexual,9,low
3,Serbian,Sexual (minor),9,low
3,Serbian,Suicide and Self Harm,9,low
3,Serbian,Threat,6,low
3,Serbian,Unauthorized Advice,9,low
3,Serbian,Violence,9,low
3,Shona,Controlled/Regulated Substances,12,low
3,Shona,Copyright/Trademark/Plagiarism,8,low
3,Shona,Criminal Planning/Confessions,12,low
3,Shona,Fraud/Deception,11,low
3,Shona,Guns and Illegal Weapons,12,low
3,Shona,Harassment,12,low
3,Shona,Hate/Identity Hate,12,low
3,Shona,High Risk Gov Decision Making,6,low
3,Shona,Illegal Activity,1,low
3,Shona,Malware,6,low
3,Shona,PII/Privacy,12,low
3,Shona,Political/Misinformation/Conspiracy,12,low
3,Shona,Profanity,12,low
3,Shona,Sexual,12,low
3,Shona,Sexual (minor),6,low
3,Shona,Suicide and Self Harm,12,low
3,Shona,Threat,7,low
3,Shona,Unauthorized Advice,7,low
3,Shona,Violence,12,low
3,Sindhi,Controlled/Regulated Substances,9,low
3,Sindhi,Copyright/Trademark/Plagiarism,8,low
3,Sindhi,Criminal Planning/Confessions,9,low
3,Sindhi,Fraud/Deception,8,low
3,Sindhi,Guns and Illegal Weapons,9,low
3,Sindhi,Harassment,9,low
3,Sindhi,Hate/Identity Hate,9,low
3,Sindhi,High Risk Gov Decision Making,6,low
3,Sindhi,Illegal Activity,1,low
3,Sindhi,Malware,7,low
3,Sindhi,PII/Privacy,9,low
3,Sindhi,Political/Misinformation/Conspiracy,9,low
3,Sindhi,Profanity,7,low
3,Sindhi,Sexual,9,low
3,Sindhi,Sexual (minor),6,low
3,Sindhi,Suicide and Self Harm,9,low
3,Sindhi,Threat,7,low
3,Sindhi,Unauthorized Advice,8,low
3,Sindhi,Violence,9,low
3,Slovak,Controlled/Regulated Substances,9,low
3,Slovak,Copyright/Trademark/Plagiarism,8,low
3,Slovak,Criminal Planning/Confessions,9,low
3,Slovak,Fraud/Deception,9,low
3,Slovak,Guns and Illegal Weapons,9,low
3,Slovak,Harassment,9,low
3,Slovak,Hate/Identity Hate,9,low
3,Slovak,High Risk Gov Decision Making,7,low
3,Slovak,Illegal Activity,1,low
3,Slovak,Malware,9,low
3,Slovak,PII/Privacy,9,low
3,Slovak,Political/Misinformation/Conspiracy,9,low
3,Slovak,Profanity,9,low
3,Slovak,Sexual,9,low
3,Slovak,Sexual (minor),9,low
3,Slovak,Suicide and Self Harm,9,low
3,Slovak,Threat,7,low
3,Slovak,Unauthorized Advice,8,low
3,Slovak,Violence,9,low
3,Slovenian,Controlled/Regulated Substances,9,low
3,Slovenian,Copyright/Trademark/Plagiarism,7,low
3,Slovenian,Criminal Planning/Confessions,9,low
3,Slovenian,Fraud/Deception,9,low
3,Slovenian,Guns and Illegal Weapons,9,low
3,Slovenian,Harassment,9,low
3,Slovenian,Hate/Identity Hate,9,low
3,Slovenian,High Risk Gov Decision Making,5,low
3,Slovenian,Illegal Activity,1,low
3,Slovenian,Malware,7,low
3,Slovenian,PII/Privacy,9,low
3,Slovenian,Political/Misinformation/Conspiracy,9,low
3,Slovenian,Profanity,9,low
3,Slovenian,Sexual,9,low
3,Slovenian,Sexual (minor),6,low
3,Slovenian,Suicide and Self Harm,9,low
3,Slovenian,Threat,7,low
3,Slovenian,Unauthorized Advice,6,low
3,Slovenian,Violence,9,low
3,Somali,Controlled/Regulated Substances,6,low
3,Somali,Copyright/Trademark/Plagiarism,6,low
3,Somali,Criminal Planning/Confessions,9,low
3,Somali,Fraud/Deception,6,low
3,Somali,Guns and Illegal Weapons,6,low
3,Somali,Harassment,6,low
3,Somali,Hate/Identity Hate,9,low
3,Somali,High Risk Gov Decision Making,5,low
3,Somali,Illegal Activity,1,low
3,Somali,Malware,4,low
3,Somali,PII/Privacy,9,low
3,Somali,Political/Misinformation/Conspiracy,7,low
3,Somali,Profanity,6,low
3,Somali,Sexual,6,low
3,Somali,Sexual (minor),3,low
3,Somali,Suicide and Self Harm,6,low
3,Somali,Threat,3,low
3,Somali,Unauthorized Advice,4,low
3,Somali,Violence,6,low
3,Sorani Kurdish,Controlled/Regulated Substances,12,low
3,Sorani Kurdish,Copyright/Trademark/Plagiarism,10,low
3,Sorani Kurdish,Criminal Planning/Confessions,12,low
3,Sorani Kurdish,Fraud/Deception,11,low
3,Sorani Kurdish,Guns and Illegal Weapons,12,low
3,Sorani Kurdish,Harassment,12,low
3,Sorani Kurdish,Hate/Identity Hate,12,low
3,Sorani Kurdish,High Risk Gov Decision Making,7,low
3,Sorani Kurdish,Illegal Activity,1,low
3,Sorani Kurdish,Malware,6,low
3,Sorani Kurdish,PII/Privacy,12,low
3,Sorani Kurdish,Political/Misinformation/Conspiracy,12,low
3,Sorani Kurdish,Profanity,12,low
3,Sorani Kurdish,Sexual,12,low
3,Sorani Kurdish,Sexual (minor),6,low
3,Sorani Kurdish,Suicide and Self Harm,12,low
3,Sorani Kurdish,Threat,8,low
3,Sorani Kurdish,Unauthorized Advice,6,low
3,Sorani Kurdish,Violence,12,low
3,Spanish,Controlled/Regulated Substances,9,high
3,Spanish,Copyright/Trademark/Plagiarism,7,high
3,Spanish,Criminal Planning/Confessions,9,high
3,Spanish,Fraud/Deception,9,high
3,Spanish,Guns and Illegal Weapons,9,high
3,Spanish,Harassment,9,high
3,Spanish,Hate/Identity Hate,9,high
3,Spanish,High Risk Gov Decision Making,7,high
3,Spanish,Illegal Activity,1,high
3,Spanish,Malware,8,high
3,Spanish,PII/Privacy,9,high
3,Spanish,Political/Misinformation/Conspiracy,9,high
3,Spanish,Profanity,9,high
3,Spanish,Sexual,9,high
3,Spanish,Sexual (minor),9,high
3,Spanish,Suicide and Self Harm,9,high
3,Spanish,Threat,8,high
3,Spanish,Unauthorized Advice,8,high
3,Spanish,Violence,9,high
3,Swahili,Controlled/Regulated Substances,9,low
3,Swahili,Copyright/Trademark/Plagiarism,9,low
3,Swahili,Criminal Planning/Confessions,9,low
3,Swahili,Fraud/Deception,9,low
3,Swahili,Guns and Illegal Weapons,9,low
3,Swahili,Harassment,9,low
3,Swahili,Hate/Identity Hate,9,low
3,Swahili,High Risk Gov Decision Making,5,low
3,Swahili,Illegal Activity,1,low
3,Swahili,Malware,8,low
3,Swahili,PII/Privacy,9,low
3,Swahili,Political/Misinformation/Conspiracy,9,low
3,Swahili,Profanity,9,low
3,Swahili,Sexual,9,low
3,Swahili,Sexual (minor),6,low
3,Swahili,Suicide and Self Harm,9,low
3,Swahili,Threat,7,low
3,Swahili,Unauthorized Advice,9,low
3,Swahili,Violence,9,low
3,Swedish,Controlled/Regulated Substances,9,medium
3,Swedish,Copyright/Trademark/Plagiarism,9,medium
3,Swedish,Criminal Planning/Confessions,9,medium
3,Swedish,Fraud/Deception,9,medium
3,Swedish,Guns and Illegal Weapons,9,medium
3,Swedish,Harassment,9,medium
3,Swedish,Hate/Identity Hate,9,medium
3,Swedish,High Risk Gov Decision Making,7,medium
3,Swedish,Illegal Activity,1,medium
3,Swedish,Malware,9,medium
3,Swedish,PII/Privacy,9,medium
3,Swedish,Political/Misinformation/Conspiracy,9,medium
3,Swedish,Profanity,9,medium
3,Swedish,Sexual,9,medium
3,Swedish,Sexual (minor),8,medium
3,Swedish,Suicide and Self Harm,9,medium
3,Swedish,Threat,8,medium
3,Swedish,Unauthorized Advice,8,medium
3,Swedish,Violence,9,medium
3,Tajik,Controlled/Regulated Substances,12,low
3,Tajik,Copyright/Trademark/Plagiarism,10,low
3,Tajik,Criminal Planning/Confessions,12,low
3,Tajik,Fraud/Deception,11,low
3,Tajik,Guns and Illegal Weapons,11,low
3,Tajik,Harassment,12,low
3,Tajik,Hate/Identity Hate,12,low
3,Tajik,High Risk Gov Decision Making,5,low
3,Tajik,Illegal Activity,1,low
3,Tajik,Malware,9,low
3,Tajik,PII/Privacy,12,low
3,Tajik,Political/Misinformation/Conspiracy,12,low
3,Tajik,Profanity,12,low
3,Tajik,Sexual,12,low
3,Tajik,Sexual (minor),8,low
3,Tajik,Suicide and Self Harm,11,low
3,Tajik,Threat,7,low
3,Tajik,Unauthorized Advice,7,low
3,Tajik,Violence,12,low
3,Tamil,Controlled/Regulated Substances,9,low
3,Tamil,Copyright/Trademark/Plagiarism,7,low
3,Tamil,Criminal Planning/Confessions,9,low
3,Tamil,Fraud/Deception,9,low
3,Tamil,Guns and Illegal Weapons,9,low
3,Tamil,Harassment,9,low
3,Tamil,Hate/Identity Hate,9,low
3,Tamil,High Risk Gov Decision Making,7,low
3,Tamil,Illegal Activity,1,low
3,Tamil,Malware,7,low
3,Tamil,PII/Privacy,9,low
3,Tamil,Political/Misinformation/Conspiracy,9,low
3,Tamil,Profanity,9,low
3,Tamil,Sexual,9,low
3,Tamil,Sexual (minor),7,low
3,Tamil,Suicide and Self Harm,9,low
3,Tamil,Threat,6,low
3,Tamil,Unauthorized Advice,8,low
3,Tamil,Violence,9,low
3,Telugu,Controlled/Regulated Substances,9,low
3,Telugu,Copyright/Trademark/Plagiarism,8,low
3,Telugu,Criminal Planning/Confessions,9,low
3,Telugu,Fraud/Deception,8,low
3,Telugu,Guns and Illegal Weapons,9,low
3,Telugu,Harassment,9,low
3,Telugu,Hate/Identity Hate,9,low
3,Telugu,High Risk Gov Decision Making,6,low
3,Telugu,Illegal Activity,1,low
3,Telugu,Malware,7,low
3,Telugu,PII/Privacy,9,low
3,Telugu,Political/Misinformation/Conspiracy,9,low
3,Telugu,Profanity,9,low
3,Telugu,Sexual,9,low
3,Telugu,Sexual (minor),6,low
3,Telugu,Suicide and Self Harm,9,low
3,Telugu,Threat,6,low
3,Telugu,Unauthorized Advice,7,low
3,Telugu,Violence,9,low
3,Thai,Controlled/Regulated Substances,9,medium
3,Thai,Copyright/Trademark/Plagiarism,8,medium
3,Thai,Criminal Planning/Confessions,9,medium
3,Thai,Fraud/Deception,9,medium
3,Thai,Guns and Illegal Weapons,9,medium
3,Thai,Harassment,9,medium
3,Thai,Hate/Identity Hate,9,medium
3,Thai,High Risk Gov Decision Making,6,medium
3,Thai,Illegal Activity,1,medium
3,Thai,Malware,6,medium
3,Thai,PII/Privacy,9,medium
3,Thai,Political/Misinformation/Conspiracy,9,medium
3,Thai,Profanity,9,medium
3,Thai,Sexual,9,medium
3,Thai,Sexual (minor),6,medium
3,Thai,Suicide and Self Harm,9,medium
3,Thai,Threat,6,medium
3,Thai,Unauthorized Advice,6,medium
3,Thai,Violence,9,medium
3,Turkish,Controlled/Regulated Substances,9,medium
3,Turkish,Copyright/Trademark/Plagiarism,8,medium
3,Turkish,Criminal Planning/Confessions,9,medium
3,Turkish,Fraud/Deception,9,medium
3,Turkish,Guns and Illegal Weapons,9,medium
3,Turkish,Harassment,9,medium
3,Turkish,Hate/Identity Hate,9,medium
3,Turkish,High Risk Gov Decision Making,6,medium
3,Turkish,Illegal Activity,1,medium
3,Turkish,Malware,9,medium
3,Turkish,PII/Privacy,9,medium
3,Turkish,Political/Misinformation/Conspiracy,9,medium
3,Turkish,Profanity,9,medium
3,Turkish,Sexual,9,medium
3,Turkish,Sexual (minor),8,medium
3,Turkish,Suicide and Self Harm,9,medium
3,Turkish,Threat,7,medium
3,Turkish,Unauthorized Advice,7,medium
3,Turkish,Violence,9,medium
3,Ukrainian,Controlled/Regulated Substances,9,medium
3,Ukrainian,Copyright/Trademark/Plagiarism,9,medium
3,Ukrainian,Criminal Planning/Confessions,9,medium
3,Ukrainian,Fraud/Deception,9,medium
3,Ukrainian,Guns and Illegal Weapons,9,medium
3,Ukrainian,Harassment,9,medium
3,Ukrainian,Hate/Identity Hate,9,medium
3,Ukrainian,High Risk Gov Decision Making,8,medium
3,Ukrainian,Illegal Activity,1,medium
3,Ukrainian,Malware,9,medium
3,Ukrainian,PII/Privacy,9,medium
3,Ukrainian,Political/Misinformation/Conspiracy,9,medium
3,Ukrainian,Profanity,9,medium
3,Ukrainian,Sexual,9,medium
3,Ukrainian,Sexual (minor),7,medium
3,Ukrainian,Suicide and Self Harm,9,medium
3,Ukrainian,Threat,8,medium
3,Ukrainian,Unauthorized Advice,8,medium
3,Ukrainian,Violence,9,medium
3,Urdu,Controlled/Regulated Substances,9,medium
3,Urdu,Copyright/Trademark/Plagiarism,9,medium
3,Urdu,Criminal Planning/Confessions,9,medium
3,Urdu,Fraud/Deception,9,medium
3,Urdu,Guns and Illegal Weapons,9,medium
3,Urdu,Harassment,9,medium
3,Urdu,Hate/Identity Hate,9,medium
3,Urdu,High Risk Gov Decision Making,6,medium
3,Urdu,Illegal Activity,1,medium
3,Urdu,Malware,8,medium
3,Urdu,PII/Privacy,9,medium
3,Urdu,Political/Misinformation/Conspiracy,9,medium
3,Urdu,Profanity,9,medium
3,Urdu,Sexual,9,medium
3,Urdu,Sexual (minor),7,medium
3,Urdu,Suicide and Self Harm,9,medium
3,Urdu,Threat,7,medium
3,Urdu,Unauthorized Advice,7,medium
3,Urdu,Violence,9,medium
3,Vietnamese,Controlled/Regulated Substances,9,medium
3,Vietnamese,Copyright/Trademark/Plagiarism,7,medium
3,Vietnamese,Criminal Planning/Confessions,9,medium
3,Vietnamese,Fraud/Deception,9,medium
3,Vietnamese,Guns and Illegal Weapons,9,medium
3,Vietnamese,Harassment,9,medium
3,Vietnamese,Hate/Identity Hate,9,medium
3,Vietnamese,High Risk Gov Decision Making,6,medium
3,Vietnamese,Illegal Activity,1,medium
3,Vietnamese,Malware,8,medium
3,Vietnamese,PII/Privacy,9,medium
3,Vietnamese,Political/Misinformation/Conspiracy,9,medium
3,Vietnamese,Profanity,9,medium
3,Vietnamese,Sexual,9,medium
3,Vietnamese,Sexual (minor),7,medium
3,Vietnamese,Suicide and Self Harm,9,medium
3,Vietnamese,Threat,7,medium
3,Vietnamese,Unauthorized Advice,7,medium
3,Vietnamese,Violence,9,medium
3,Welsh,Controlled/Regulated Substances,9,low
3,Welsh,Copyright/Trademark/Plagiarism,6,low
3,Welsh,Criminal Planning/Confessions,9,low
3,Welsh,Fraud/Deception,9,low
3,Welsh,Guns and Illegal Weapons,9,low
3,Welsh,Harassment,9,low
3,Welsh,Hate/Identity Hate,9,low
3,Welsh,High Risk Gov Decision Making,8,low
3,Welsh,Illegal Activity,1,low
3,Welsh,Malware,9,low
3,Welsh,PII/Privacy,9,low
3,Welsh,Political/Misinformation/Conspiracy,9,low
3,Welsh,Profanity,9,low
3,Welsh,Sexual,9,low
3,Welsh,Sexual (minor),9,low
3,Welsh,Suicide and Self Harm,9,low
3,Welsh,Threat,8,low
3,Welsh,Unauthorized Advice,8,low
3,Welsh,Violence,9,low
3,Wolof,Controlled/Regulated Substances,12,low
3,Wolof,Copyright/Trademark/Plagiarism,3,low
3,Wolof,Criminal Planning/Confessions,12,low
3,Wolof,Fraud/Deception,8,low
3,Wolof,Guns and Illegal Weapons,7,low
3,Wolof,Harassment,12,low
3,Wolof,Hate/Identity Hate,12,low
3,Wolof,High Risk Gov Decision Making,5,low
3,Wolof,Illegal Activity,1,low
3,Wolof,Malware,4,low
3,Wolof,PII/Privacy,12,low
3,Wolof,Political/Misinformation/Conspiracy,8,low
3,Wolof,Profanity,9,low
3,Wolof,Sexual,12,low
3,Wolof,Sexual (minor),4,low
3,Wolof,Suicide and Self Harm,8,low
3,Wolof,Threat,3,low
3,Wolof,Unauthorized Advice,4,low
3,Wolof,Violence,12,low
3,Xhosa,Controlled/Regulated Substances,6,low
3,Xhosa,Copyright/Trademark/Plagiarism,4,low
3,Xhosa,Criminal Planning/Confessions,6,low
3,Xhosa,Fraud/Deception,3,low
3,Xhosa,Guns and Illegal Weapons,6,low
3,Xhosa,Harassment,6,low
3,Xhosa,Hate/Identity Hate,7,low
3,Xhosa,High Risk Gov Decision Making,4,low
3,Xhosa,Illegal Activity,1,low
3,Xhosa,Malware,4,low
3,Xhosa,PII/Privacy,6,low
3,Xhosa,Political/Misinformation/Conspiracy,6,low
3,Xhosa,Profanity,4,low
3,Xhosa,Sexual,6,low
3,Xhosa,Sexual (minor),3,low
3,Xhosa,Suicide and Self Harm,3,low
3,Xhosa,Threat,3,low
3,Xhosa,Unauthorized Advice,3,low
3,Xhosa,Violence,6,low
3,Yoruba,Controlled/Regulated Substances,12,low
3,Yoruba,Copyright/Trademark/Plagiarism,8,low
3,Yoruba,Criminal Planning/Confessions,12,low
3,Yoruba,Fraud/Deception,7,low
3,Yoruba,Guns and Illegal Weapons,11,low
3,Yoruba,Harassment,12,low
3,Yoruba,Hate/Identity Hate,12,low
3,Yoruba,High Risk Gov Decision Making,5,low
3,Yoruba,Illegal Activity,1,low
3,Yoruba,Malware,5,low
3,Yoruba,PII/Privacy,12,low
3,Yoruba,Political/Misinformation/Conspiracy,11,low
3,Yoruba,Profanity,11,low
3,Yoruba,Sexual,12,low
3,Yoruba,Sexual (minor),5,low
3,Yoruba,Suicide and Self Harm,10,low
3,Yoruba,Threat,5,low
3,Yoruba,Unauthorized Advice,7,low
3,Yoruba,Violence,12,low
3,Zulu,Controlled/Regulated Substances,12,low
3,Zulu,Copyright/Trademark/Plagiarism,10,low
3,Zulu,Criminal Planning/Confessions,12,low
3,Zulu,Fraud/Deception,12,low
3,Zulu,Guns and Illegal Weapons,12,low
3,Zulu,Harassment,12,low
3,Zulu,Hate/Identity Hate,12,low
3,Zulu,High Risk Gov Decision Making,7,low
3,Zulu,Illegal Activity,1,low
3,Zulu,Malware,9,low
3,Zulu,PII/Privacy,12,low
3,Zulu,Political/Misinformation/Conspiracy,12,low
3,Zulu,Profanity,12,low
3,Zulu,Sexual,12,low
3,Zulu,Sexual (minor),5,low
3,Zulu,Suicide and Self Harm,12,low
3,Zulu,Threat,8,low
3,Zulu,Unauthorized Advice,8,low
3,Zulu,Violence,12,low
